USDT_APY_CY,USDC_APY_CY,DAI_APY_CY,FRAX_APY_CY,LIRA_APY_CY,NGN_APY_CY,NGN_APY_USD_CY,LIRA_APY_USD_CY,DATE
2.42189,0.5746799999999999,0.9296499999999996,3.31405,-20.16,-10.073,4.539631278977448,3.7835037347693374,2023-09-25
2.3885499999999995,1.3016499999999995,0.6530599999999995,3.2665999999999995,-20.860000000000003,-10.107,4.549600079926296,3.7714797627614955,2023-09-26
2.3757,1.7775000000000003,0.7227800000000002,2.8358600000000003,-21.16,-10.076,4.599586607608754,3.8106228751519966,2023-09-27
2.00191,1.4065699999999999,0.5844300000000002,2.63185,-22.16,-10.115,4.579573135291211,3.7602235898453977,2023-09-28
1.9265499999999998,-4.2694399999999995,1.29705,2.6302199999999996,-20.93,-10.114,4.579573844360556,3.7983777948730673,2023-09-29
0.05214333333333343,1.7952733333333333,1.146573333333333,2.6635533333333328,-20.89666666666667,-10.080416666666666,4.612907354961225,3.8317111282064005,2023-09-30
0.7952166666666671,1.918716666666667,1.0821166666666673,2.696526666666667,-20.863333333333333,-10.046833333333332,4.646240865561895,3.8650444615397346,2023-10-01
-3.3899,-3.59157,0.6454600000000008,2.7297400000000005,-20.83,-10.01325,4.679574376162564,3.898377794873068,2023-10-02
1.6082399999999994,2.0173299999999994,1.0308399999999995,3.7630999999999997,-20.130000000000003,-9.893,4.799574553429899,4.036369208625952,2023-10-03
-1.1181399999999995,2.0113200000000004,1.3083700000000005,1.9833200000000004,-20.19,-9.975,4.719573135291212,3.956989602203638,2023-10-04
0.8394499999999998,0.8292499999999996,1.1997699999999996,3.82272,-20.44,-9.986,4.709572426221866,3.9395448792714096,2023-10-05
0.09845000000000059,0.15010000000000012,1.1152300000000004,3.05185,-20.38,-9.927,4.769571717152522,3.99954487927141,2023-10-06
0.5270799999999998,1.91702,1.0786600000000002,3.0218499999999997,-20.49333333333333,-9.951,4.739575971568589,3.966959906031053,2023-10-07
1.9885700000000006,1.9451900000000006,1.0318200000000006,2.7563200000000005,-20.60666666666667,-9.975,4.709580225984655,3.9343749327906963,2023-10-08
0.9179800000000005,0.9167500000000004,1.0507600000000004,2.80574,-20.72,-9.998999999999999,4.679584480400721,3.901789959550339,2023-10-09
2.17918,1.02638,0.96543,4.11333,-20.77,-10.03,4.649583771331376,3.8711695659726533,2023-10-10
1.96259,1.09604,1.2748500000000003,4.05593,-20.9,-10.112,4.569582353192688,3.7896185820284387,2023-10-11
1.92551,0.87554,0.9498500000000001,4.64118,-20.91,-10.230999999999998,4.689412885619386,3.9055860237734823,2023-10-12
1.8218999999999999,1.8186299999999997,0.8920300000000001,1.99701,-21.02,-10.335999999999999,4.619388068192333,3.8343452366181103,2023-10-13
0.6355266666666664,1.8394166666666663,1.2413766666666661,-35.445753333333336,-21.08,-10.671,4.64579828811279,3.858323531114806,2023-10-14
1.8282433333333334,-1.2094466666666666,1.2797433333333337,2.0087633333333335,-21.139999999999997,-11.005999999999998,4.672208508033248,3.882301825611502,2023-10-15
-18.34094,0.38056999999999963,0.6714099999999998,2.50291,-21.2,-11.340999999999998,4.698618727953704,3.9062801201081965,2023-10-16
-3.0638199999999998,0.7456199999999997,0.9114499999999999,2.4679,-21.18,-10.136,4.819388068192334,4.023178152219768,2023-10-17
-0.6478900000000003,2.12549,1.44685,2.5552200000000003,-21.44,-10.054,4.899389486331022,4.092631461399112,2023-10-18
-0.16737999999999964,2.1656300000000006,1.4957000000000003,2.6251700000000002,-21.43,-9.963,4.969404376787254,4.160770280666055,2023-10-19
-1.1680600000000005,2.1506199999999995,0.09967999999999932,2.3182099999999997,-21.23,-10.015,4.919402958648565,4.1185252003871256,2023-10-20
0.6811266666666667,2.1451066666666665,1.314106666666666,4.010706666666667,-21.216666666666665,-10.037666666666667,4.896070098028128,4.096329255279549,2023-10-21
1.9227033333333337,1.5681733333333336,1.2842233333333337,4.031593333333333,-21.20333333333333,-10.060333333333336,4.872737237407691,4.074133310171973,2023-10-22
-2.1309199999999997,0.4070600000000004,-1.53754,-1.80713,-21.19,-10.082999999999998,4.849404376787254,4.051937365064397,2023-10-23
0.58162,-3.1346,-1.17889,2.57357,-21.15,-10.112,4.819405085856598,4.0241087425862965,2023-10-24
0.2742200000000006,2.20784,0.9736700000000003,-2.76792,-20.95,-9.992999999999999,4.9394043767872535,4.14659031689704,2023-10-25
1.8622000000000005,1.3279700000000005,-5.36564,-16.23476,-20.990000000000002,-10.087,4.849401540509876,4.058141300841254,2023-10-26
-5.98917,0.4025400000000001,0.8242500000000001,2.60243,-21.74,-10.374,4.8292122189949325,4.015496935255726,2023-10-27
1.1458233333333334,-1.8674366666666664,0.8452533333333339,2.0669933333333335,-21.68,-10.386,4.842527589238209,4.03027785360366,2023-10-28
0.8159066666666659,-0.003963333333333985,-1.7298533333333337,2.0376266666666663,-21.62,-10.398000000000003,4.8558429594814845,4.0450587719515925,2023-10-29
-1.4867400000000002,1.6844199999999998,0.9698500000000001,2.07248,-21.560000000000002,-10.41,4.869158329724761,4.059839690299526,2023-10-30
0.5594000000000001,2.08566,0.9019299999999997,-2.1481500000000002,-21.490000000000002,-10.425999999999998,4.869146984615251,4.062011067821426,2023-10-31
-1.1859400000000004,-1.9054000000000002,0.7247899999999996,-2.4194500000000003,-21.73,-10.537,4.759146275545906,3.9479785095664686,2023-11-01
-3.8931199999999997,-1.7485299999999997,-1.16376,-19.493009999999998,-22.090000000000003,-10.763,4.659056932808518,3.839913393056555,2023-11-02
-1.4500799999999998,-0.06309999999999949,0.7654500000000004,1.7986000000000004,-22.09,-10.862,4.559057641877863,3.743015360944984,2023-11-03
-2.3330366666666666,-1.2966966666666666,0.7424733333333333,1.7512933333333334,-22.116666666666667,-10.826999999999998,4.592392156993436,3.7744875135452602,2023-11-04
-4.600113333333333,-1.4315833333333332,0.6127466666666663,-17.312063333333334,-22.143333333333334,-10.792000000000002,4.6257266721090105,3.805959666145536,2023-11-05
-0.018340000000000245,1.95464,0.7466399999999997,-5.384729999999999,-22.17,-10.757,4.659061187224584,3.837431818745812,2023-11-06
-0.5206299999999997,-1.3242099999999999,0.5780900000000004,-5.170069999999999,-22.060000000000002,-10.849,4.569059769085896,3.7536357545226693,2023-11-07
-0.3089699999999995,-0.51471,-1.5587,-5.26843,-22.189999999999998,-10.938,4.47906047815524,3.662394967367298,2023-11-08
-3.4903500000000003,-2.6301699999999997,-2.4791299999999996,1.9112300000000002,-22.06,-10.832999999999998,4.609042751421631,3.792394967367298,2023-11-09
-3.6983500000000005,1.7891800000000004,0.5829900000000006,-1.02332,-22.34,-10.841000000000001,4.59904416956032,3.7740196540685416,2023-11-10
1.768016666666667,1.222406666666667,0.5917866666666676,1.798596666666667,-22.406666666666666,-10.833833333333333,4.605711190761659,3.778411544283694,2023-11-11
-1.2696766666666672,1.881793333333333,0.5880433333333333,-7.566886666666667,-22.473333333333336,-10.826666666666666,4.612378211962997,3.7828034344988457,2023-11-12
-2.7510900000000005,-12.13569,-4.4454199999999995,1.8725,-22.540000000000003,-10.819500000000001,4.619045233164336,3.7871953247139984,2023-11-13
-2.1098,-6.624579999999999,-5.50651,-1.8487799999999996,-22.59,-11.009,4.429045587699009,3.6015380797577987,2023-11-14
-0.8489899999999997,-3.7948999999999993,-5.68068,-2.25917,-22.2,-10.919999999999998,4.519044878629664,3.7008439834230837,2023-11-15
-1.14764,-6.64886,-3.9740899999999995,1.7620400000000003,-22.080000000000002,-11.001999999999999,4.439043460490976,3.6270479191999407,2023-11-16
0.4157300000000008,-2.49829,0.4802300000000006,-6.02906,-22.06,-11.014,4.429042042352287,3.6179785095664694,2023-11-17
-0.03947666666666638,-0.06033666666666626,-1.763726666666666,-9.042456666666666,-22.176666666666666,-11.019333333333334,4.422376321111413,3.607899678222531,2023-11-18
-0.27743333333333364,-2.438653333333333,-5.192043333333333,-0.2630533333333336,-22.293333333333333,-11.024666666666665,4.415710599870538,3.5978208468785935,2023-11-19
-3.3998100000000004,-1.8512000000000004,0.3735799999999996,-1.7774299999999998,-22.409999999999997,-11.03,4.409044878629664,3.5877420155346553,2023-11-20
1.6047500000000001,-1.25622,-1.7187000000000001,-4.15452,-22.53,-11.041,4.3990441695603195,3.574329850857384,2023-11-21
1.66899,-0.03791999999999973,-2.57381,-3.07644,-22.6,-11.03,4.409044878629664,3.581848276546641,2023-11-22
-1.6394599999999997,-3.2383699999999997,0.10996000000000006,-2.5363799999999994,-22.475,-11.7,4.433552075435335,3.60995024443507,2023-11-23
2.0241599999999997,-1.4153099999999998,-0.7691699999999999,-1.4052300000000004,-22.23,-11.536000000000001,4.458650636074201,3.641774573789612,2023-11-24
1.6878333333333333,-1.287396666666667,-1.625376666666667,2.8685633333333334,-22.229999999999997,-11.562,4.43198444212043,3.61593509855986,2023-11-25
-2.5817933333333336,0.43301666666666616,-3.037933333333334,2.761516666666666,-22.230000000000004,-11.588000000000003,4.405318248166659,3.5900956233301065,2023-11-26
0.9970999999999997,-3.4054200000000003,0.47963999999999984,1.9588699999999997,-22.23,-11.614,4.378652054212889,3.5642561481003545,2023-11-27
0.8557199999999998,-4.22757,0.5398899999999998,1.66024,-21.97,-11.663,4.328652763282234,3.5238722485544827,2023-11-28
0.7821399999999996,0.2261999999999995,0.4307799999999995,0.2685399999999998,-21.37,-11.735,4.258651345143544,3.474655433406953,2023-11-29
-2.16216,-5.670749999999999,0.35897000000000023,-0.09825000000000017,-19.9,-11.637,4.358649927004857,3.617152393478423,2023-11-30
-7.209180000000001,-4.442100000000001,-3.3321000000000005,0.17795000000000005,-19.84,-11.789000000000001,4.208648508866167,3.473666526044122,2023-12-01
0.6028900000000004,0.23275000000000023,-9.74724,-17.241120000000002,-19.53666666666667,-11.767666666666665,4.22864945429196,3.5024554350613366,2023-12-02
0.3128599999999997,-2.64651,-5.61656,0.9385299999999996,-19.233333333333327,-11.746333333333334,4.248650399717753,3.53124434407855,2023-12-03
0.23763000000000023,-1.22884,0.27946000000000026,1.0241700000000002,-18.93,-11.724999999999998,4.268651345143545,3.560033253095764,2023-12-04
-1.6524400000000004,0.16547,-0.8465400000000001,0.6454699999999995,-18.81,-11.827000000000002,4.168649927004856,3.4668575824503063,2023-12-05
0.19084000000000012,-3.14191,-1.2951999999999995,0.2307999999999999,-19.16,-11.886,4.108650636074201,3.397861875573864,2023-12-06
-2.10797,-8.141480000000001,-1.10651,-2.3061000000000007,-19.689999999999998,-10.14,4.129874489762563,3.4008010521875076,2023-12-07
-10.34508,-2.621219999999999,-3.1758099999999994,0.26764000000000054,-19.95,-10.256,4.219728421477626,3.4799441645780087,2023-12-08
1.0313700000000003,-1.5124799999999992,-3.9841099999999994,0.2194900000000004,-19.833333333333332,-10.255666666666668,4.219728657834074,3.4835631271145084,2023-12-09
0.6979400000000004,-1.7512499999999998,0.18485000000000085,0.9290200000000004,-19.716666666666665,-10.255333333333331,4.219728894190522,3.487182089651008,2023-12-10
-2.5577799999999993,-5.536909999999999,-0.50427,0.9045200000000002,-19.599999999999998,-10.254999999999999,4.219729130546971,3.4908010521875084,2023-12-11
-3.19834,-3.3354799999999996,-6.93561,0.5579800000000001,-19.39,-10.575,4.189523500437106,3.468245775119736,2023-12-12
-23.595390000000002,-5.162909999999999,-5.9402800000000004,1.1371000000000002,-19.23,-11.142,4.029234909213952,3.318172072362707,2023-12-13
-4.838660000000001,-5.67883,-1.3757000000000001,-3.99681,-18.950000000000003,-10.864,3.9095171188130067,3.2105799439164207,2023-12-14
-2.83256,-5.95303,0.35733000000000015,0.4106300000000003,-18.66,-10.73,3.8996192247985944,3.209885847581706,2023-12-15
-0.12461666666666726,-2.228226666666667,-0.057636666666667224,0.05567333333333302,-18.60666666666667,-10.715333333333334,3.9129535035577194,3.22445996807041,2023-12-16
-1.7708533333333327,-1.4764733333333333,-1.2350333333333334,-2.0089433333333333,-18.55333333333333,-10.700666666666665,3.9262877823168463,3.239034088559116,2023-12-17
0.3349000000000002,-3.11693,0.0800200000000002,-0.011929999999999996,-18.5,-10.686,3.939622061075972,3.25360820904782,2023-12-18
-0.04115000000000002,-3.01545,-2.07556,-0.07724999999999982,-18.67,-10.616,3.9196858773169643,3.228955257215177,2023-12-19
0.11267000000000005,-0.16411000000000042,-0.9033700000000002,-0.15874000000000033,-18.7,-10.718,3.8496631870979443,3.1601960443705486,2023-12-20
-9.274239999999999,-2.5045999999999995,-3.4029700000000003,-0.028729999999999922,-19.24,-10.693,3.8796596417512226,3.172514827406507,2023-12-21
-0.1463899999999998,-5.638439999999999,-3.6279999999999997,-8.66532,-19.110000000000003,-10.684,3.8896589326818782,3.186237188872621,2023-12-22
-3.4071800000000003,-1.4356900000000001,-4.2402299999999995,0.10057999999999989,-19.1325,-10.6863,3.8871590744957474,3.183116795294935,2023-12-23
-3.3399500000000004,-2.18753,0.17754000000000003,-7.21786,-19.155,-10.688600000000001,3.884659216309616,3.1799964017172493,2023-12-24
-3.04554,-3.7775499999999997,-13.09144,-7.86087,-19.177500000000002,-10.6909,3.882159358123485,3.1768760081395637,2023-12-25
-5.08662,-0.020469999999999988,-6.08939,0.06736999999999993,-19.18,-10.6932,3.879659499937354,3.1743760081395638,2023-12-26
-6.45621,-2.74622,-3.6201499999999998,0.18253999999999992,-19.32,-10.793,3.7796596417512225,3.0731352209841925,2023-12-27
-6.528690000000001,-3.9282399999999997,-6.0999,-15.91891,-19.73,-10.746,3.8296575145431895,3.1088661686974213,2023-12-28
-6.1639100000000004,-5.75715,-0.09809000000000001,-5.342960000000001,-19.810000000000002,-10.506,3.869799328412061,3.1451438072313076,2023-12-29
-1.6090600000000004,-2.55959,-3.9414499999999997,-5.09776,-19.945,-10.4875,3.8873000374814057,3.157913306201454,2023-12-30
-4.506810000000001,-4.6670799999999995,-0.03677999999999981,-1.01572,-20.080000000000002,-10.469000000000001,3.90480074655075,3.1706828051716007,2023-12-31
-4.2235000000000005,-4.986960000000001,-6.36213,-0.052509999999999835,-20.215,-10.450499999999998,3.9223014556200946,3.1834523041417477,2024-01-01
-3.48205,-4.29653,-8.43628,-4.601249999999999,-20.35,-10.431999999999999,3.939802164689439,3.1962218031118943,2024-01-02
-0.8013599999999999,-7.546279999999999,-2.27825,-4.93835,-20.87,-9.914,3.9001978253835907,3.141332357247438,2024-01-03
-3.60076,-2.1704099999999995,-1.1033799999999996,-6.2437000000000005,-21.22,-9.774,3.9802403695442523,3.2079938953271956,2024-01-04
0.18439999999999968,-3.12308,0.1336999999999997,-5.52287,-21.419999999999998,-9.753,4.0402127158398216,3.2599287788172817,2024-01-05
0.19340666666666628,-2.737583333333334,-3.2008533333333338,0.09686666666666621,-21.066666666666666,-9.764,4.026881037001625,3.257969327741519,2024-01-06
-5.077016666666667,-7.550586666666666,-5.579296666666666,0.09302333333333346,-20.713333333333335,-9.775,4.013549358163429,3.2560098766657566,2024-01-07
-6.106450000000001,-4.45167,0.017759999999999998,0.21663999999999994,-20.36,-9.786,4.000217679325233,3.254050425589994,2024-01-08
-0.015240000000000364,-1.6633400000000007,-4.175190000000001,0.09207999999999972,-20.35,-9.780000000000001,4.010214843047855,3.2640504255899936,2024-01-09
-12.217200000000002,-3.7550999999999997,-7.944500000000001,-1.5795199999999996,-19.68,-9.756,4.030217679325233,3.3042132168647793,2024-01-10
-2.6763999999999997,-4.1302900000000005,-3.7729700000000004,0.04151999999999978,-20.4,-9.491,3.970448126862149,3.2237402288011516,2024-01-11
0.02167999999999992,-3.44824,-8.485019999999999,-4.31178,-20.349999999999998,-9.415,3.9505161975192076,3.2059116063230513,2024-01-12
0.11244999999999994,-1.10515,-0.4074,-4.91383,-20.45583333333333,-9.387166666666666,3.9780164338756556,3.22927564913848,2024-01-13
-2.9474399999999994,-2.8186399999999994,-0.9972199999999996,-0.6671099999999992,-20.561666666666667,-9.359333333333334,4.005516670232105,3.2526396919539096,2024-01-14
-0.8103899999999999,-8.4564,-1.9984399999999996,-0.7530099999999997,-20.6675,-9.3315,4.033016906588553,3.276003734769338,2024-01-15
-4.99926,-0.7207599999999994,-5.391349999999999,-0.6496399999999998,-20.71,-9.302,4.060518324727241,3.3013323572474382,2024-01-16
-1.4761600000000001,-0.74186,-0.3754300000000006,-0.58493,-20.700000000000003,-9.909,4.090066647554884,3.330711963669752,2024-01-17
-0.5529800000000007,-12.50215,-0.4873799999999999,-0.3850199999999999,-20.52,-9.870999999999999,4.1300652294161955,3.3750547187135513,2024-01-18
-0.5223499999999994,-4.310179999999999,-0.68126,-0.6525599999999994,-20.729999999999997,-9.862,4.140064520346852,3.3782303893590098,2024-01-19
-0.5395933333333334,-0.7048433333333337,-7.173363333333333,-0.6722133333333336,-20.803333333333335,-9.874,4.126732132439311,3.363035875292619,2024-01-20
-9.165296666666666,-1.8069966666666657,-5.662386666666666,-4.376896666666666,-20.876666666666665,-9.886,4.11339974453177,3.347841361226229,2024-01-21
-8.83407,-5.430749999999999,-7.57068,-1.5311399999999997,-20.95,-9.898,4.100067356624229,3.3326468471598387,2024-01-22
-0.3863500000000002,-0.6865600000000001,-0.5599600000000002,-0.6656200000000005,-20.73,-9.869,4.130066647554884,3.368540586147852,2024-01-23
-0.4324500000000002,-0.6303300000000007,-0.47343000000000046,-0.6119300000000001,-20.54,-9.827,4.170068065693573,3.4131935379804945,2024-01-24
-0.41331000000000007,-0.35724,0.1344599999999998,-32.33778,-20.81,-9.870000000000001,4.13006593848554,3.366059011837109,2024-01-25
-0.40291999999999994,-0.3219099999999999,1.0154400000000003,-17.20216,-21.04,-10.065,4.139920579269947,3.3686142889048813,2024-01-26
-0.44844333333333264,-0.32852333333333306,1.0205466666666667,-12.643673333333334,-21.063333333333333,-10.087666666666665,4.11658771864951,3.345280955571548,2024-01-27
-0.5631366666666668,-0.3588266666666664,0.9773033333333334,-8.297556666666667,-21.086666666666666,-10.110333333333335,4.093254858029073,3.3219476222382145,2024-01-28
-0.03338999999999981,-0.4680200000000001,0.9946700000000002,-0.6987300000000003,-21.11,-10.133,4.069921997408636,3.298614288904881,2024-01-29
-0.39182000000000006,-0.7012,0.6378799999999996,0.11371999999999982,-21.07,-10.151,4.049923415547323,3.280475469637938,2024-01-30
-0.24604999999999944,-0.7960899999999995,-0.31459999999999955,-0.18434999999999935,-21.11,-11.171,3.9792497996701837,3.211406060004467,2024-01-31
-0.3797600000000001,-1.6795799999999996,0.05177999999999994,1.7180900000000001,-20.9,-11.294999999999998,3.859246963392806,3.101642554036281,2024-02-01
-0.21304999999999996,-0.91167,0.2917900000000002,0.9251600000000004,-20.83,-11.133,4.019248381531495,3.2588507829366953,2024-02-02
-0.21242333333333274,-0.7614633333333325,0.2623766666666669,0.12990666666666728,-20.766666666666666,-11.085666666666665,4.065915520911058,3.3060344442514333,2024-02-03
-0.20488666666666688,-0.6311666666666671,0.1564533333333329,-0.39780666666666686,-20.703333333333333,-11.038333333333336,4.11258266029062,3.353218105566171,2024-02-04
-0.2538,-0.5459100000000001,0.19408000000000003,-0.48573999999999984,-20.64,-10.991,4.159249799670183,3.4004017668809094,2024-02-05
-0.29574000000000034,-0.7335200000000004,0.043260000000000076,-0.6697800000000003,-19.93,-11.073,4.079248381531495,3.3449073131994935,2024-02-06
-0.5133700000000001,-2.57857,-0.6876699999999998,0.3570099999999998,-20.18,-11.074,4.0792476724621505,3.337152393478423,2024-02-07
-5.949119999999999,-4.11863,-0.7069099999999997,-0.15493999999999986,-20.159999999999997,-11.014999999999999,4.139246963392806,3.3959116063230517,2024-02-08
-8.14807,-5.19965,-6.048299999999999,-0.25480000000000036,-20.22,-10.996,4.159246254323461,3.4134300320123083,2024-02-09
-5.93521,-5.22132,-5.4628499999999995,-6.8568,-20.04,-10.995666666666668,4.15924649067991,3.4190135742114798,2024-02-10
-8.90128,-5.6756899999999995,-6.4851399999999995,-7.78739,-19.86,-10.995333333333333,4.159246727036358,3.424597116410651,2024-02-11
-5.31345,-1.2501800000000003,-4.14306,-9.22226,-19.68,-10.995,4.159246963392806,3.430180658609822,2024-02-12
-5.824460000000001,-4.97351,-3.7010899999999998,-0.11082999999999998,-19.73,-11.291,4.298937809158666,3.5642869196218077,2024-02-13
-1.4351700000000003,-2.7063300000000003,-2.8342400000000003,-5.387180000000001,-19.580000000000002,-11.332,4.258937100089321,3.5301806586098214,2024-02-14
-6.36425,-2.82404,-0.5463800000000001,-14.747480000000001,-19.61,-11.363999999999999,4.228935681950633,3.500180658609822,2024-02-15
-4.054520000000001,-3.2762400000000005,-8.80791,-4.82111,-19.52,-11.305,4.288934972881289,3.5611112489763506,2024-02-16
-1.8247799999999996,-2.3706299999999993,-0.5275299999999996,-14.19236,-19.430833333333332,-11.312166666666668,4.2814352092377375,3.5566098179351653,2024-02-17
-3.6503300000000003,-6.7291799999999995,-0.25446999999999953,-10.70076,-19.34166666666667,-11.319333333333331,4.2739354455941845,3.552108386893979,2024-02-18
-3.1860999999999997,-1.09185,-1.1875999999999998,-9.61769,-19.2525,-11.3265,4.266435681950632,3.547606955852793,2024-02-19
-0.7914300000000001,-2.5760000000000005,-4.03786,-0.3325400000000007,-19.3,-11.335,4.258934972881288,3.538866168697421,2024-02-20
-0.03322999999999965,-2.4007899999999998,-0.5270399999999995,-6.42863,-19.7,-12.047999999999998,4.308393952971543,3.574907313199494,2024-02-21
-0.29696999999999996,-5.2419899999999995,-0.5244900000000001,-8.3377,-19.65,-12.042,4.3183911166941655,3.5861481003548654,2024-02-22
-0.49882000000000026,-3.47274,-3.53325,-0.3316100000000004,-20.869999999999997,-12.113999999999999,4.248389698555477,3.480475469637938,2024-02-23
-0.4819233333333335,-4.559653333333334,-3.361273333333333,-15.026003333333335,-20.906666666666663,-12.107,4.255056601578592,3.4857979502196192,2024-02-24
-4.730506666666667,-4.721406666666667,-3.644146666666667,-0.5190866666666665,-20.943333333333335,-12.100000000000001,4.261723504601706,3.4911204308013004,2024-02-25
-4.773639999999999,-4.5047500000000005,-0.05975999999999981,-18.70241,-20.98,-12.093,4.268390407624821,3.4964429113829816,2024-02-26
-5.14942,-3.6512700000000002,-0.3854900000000008,-7.4074,-20.970000000000002,-12.065000000000001,4.298388989486132,3.5258225178052953,2024-02-27
-10.42184,-8.37706,-4.11431,-0.44737000000000027,-21.0,-13.318000000000001,4.257528888371425,3.486132714594138,2024-02-28
0.029600000000000293,-8.78457,-3.58676,-14.924769999999999,-21.01,-13.341000000000001,4.237526761163393,3.4664429113829813,2024-02-29
-4.21431,-3.4719099999999994,-2.6123899999999995,-8.548659999999998,-21.47,-13.402999999999999,4.177525343024705,3.394035039829268,2024-03-01
-8.84498,-9.552140000000001,-0.65557,-0.6353200000000001,-21.636666666666663,-13.392666666666667,4.187525579381153,3.398554896559711,2024-03-02
-8.583919999999999,-10.63814,-6.143350000000001,-10.35474,-21.803333333333327,-13.382333333333332,4.1975258157376,3.403074753290154,2024-03-03
-12.092600000000001,-3.8890599999999997,-10.71699,-0.07842000000000038,-21.970000000000002,-13.372,4.207526052094048,3.4075946100205967,2024-03-04
-6.42232,-9.557179999999999,-7.85406,-25.85821,-22.5,-13.464000000000002,4.11752463395536,3.303945951311512,2024-03-05
-11.75224,-7.51157,-5.73984,-0.7110799999999999,-22.080000000000002,-14.053,4.0971211734984205,3.2975946100205973,2024-03-06
-15.10756,-5.2438,-14.110980000000001,-0.5523899999999999,-22.17,-14.326,4.076941778954297,3.275423232498697,2024-03-07
-7.408760000000001,-0.5989200000000006,-3.4435200000000004,-17.13788,-22.25,-14.329,4.076939651746264,3.2729416581879542,2024-03-08
-7.335626666666667,-3.333256666666667,-4.273086666666667,-6.570936666666667,-22.093333333333334,-14.323999999999995,4.080274166861837,3.281031342283544,2024-03-09
-5.435033333333334,-6.047863333333333,-1.143393333333333,-18.664033333333332,-21.936666666666664,-14.318999999999999,4.083608681977412,3.289121026379135,2024-03-10
-12.891040000000002,-8.77621,-11.54487,-19.260460000000002,-21.78,-14.314000000000002,4.086943197092985,3.297210710474725,2024-03-11
-5.0173000000000005,-8.34685,-11.52474,-12.83181,-21.21,-14.253,4.14694390616233,3.37303074670571,2024-03-12
-16.361439999999998,-8.50946,-10.794509999999999,-15.518239999999999,-21.119999999999997,-14.221999999999998,4.176944615231675,3.4048919274387677,2024-03-13
-11.15364,-14.24557,-14.70216,-15.076550000000001,-21.03,-14.129000000000001,4.276939651746265,3.5045817306499245,2024-03-14
-0.5261500000000003,-1.7532200000000007,-8.124570000000002,-5.60007,-21.080000000000002,-14.108,4.296940360815608,3.522410353128024,2024-03-15
-3.8676900000000005,-4.0029200000000005,-6.437260000000001,-0.4563500000000005,-21.076666666666668,-14.09633333333333,4.306941542597849,3.5322035552687954,2024-03-16
-8.76456,-11.81951,-11.721279999999998,-8.22749,-21.07333333333333,-14.084666666666665,4.31694272438009,3.5419967574095677,2024-03-17
-6.157450000000001,-6.1065000000000005,-4.435560000000001,-2.7537400000000005,-21.07,-14.073,4.32694390616233,3.5517899595503386,2024-03-18
-6.45526,-6.59514,-1.63504,-9.675429999999999,-21.11,-15.134999999999998,4.2862192372923955,3.5117899595503386,2024-03-19
-1.5540800000000008,-0.4849400000000008,-1.48442,-15.32948,-21.18,-15.485,4.255992335102201,3.480549172394967,2024-03-20
-2.7828600000000003,-3.1390200000000004,-3.4297200000000005,-0.4416400000000005,-20.490000000000002,-15.490000000000002,4.255988789755479,3.501952750825123,2024-03-21
-0.43271000000000015,-2.16291,-9.21245,-10.6033,-20.700000000000003,-15.947000000000003,4.205700198532326,3.4469896022036375,2024-03-22
-3.5638699999999996,-4.792539999999999,-5.549299999999999,-11.65861,-20.736666666666668,-15.935333333333332,4.215701380314567,3.4555420171890385,2024-03-23
-2.4373699999999996,-3.8440499999999993,-7.17615,-12.8287,-20.773333333333326,-15.923666666666668,4.225702562096807,3.4640944321744387,2024-03-24
-5.0910899999999994,-11.31771,-13.070989999999998,-21.31615,-20.81,-15.911999999999999,4.235703743879047,3.4726468471598384,2024-03-25
-4.440529999999999,-3.69447,-10.927579999999999,-16.863509999999998,-21.089999999999996,-15.921000000000001,4.225704452948392,3.454271533861082,2024-03-26
-7.28521,-8.07846,-3.1771899999999995,-9.107679999999998,-20.93,-15.975999999999999,4.185693816908227,3.4204754696379385,2024-03-27
-0.6150799999999998,-5.10002,-5.264819999999999,-3.74317,-20.93,-15.975000000000001,4.185694525977571,3.4204754696379385,2024-03-28
-3.1796100000000003,-9.0398,-5.45622,0.07151999999999958,-21.0075,-15.8499,4.218260185798859,3.449563304960667,2024-03-29
-4.91164,-17.26331,-9.143759999999999,-8.302259999999999,-20.845,-15.724799999999998,4.250825845620147,3.4860958632156245,2024-03-30
0.034140000000000725,-0.3809199999999997,-7.23007,0.24302000000000046,-20.6825,-15.599700000000002,4.2833915054414335,3.522628421470581,2024-03-31
-2.00465,-5.05861,-6.097429999999999,-7.99076,-20.520000000000003,-15.4746,4.315957165262721,3.559160979725538,2024-04-01
-0.4824199999999994,-1.4863499999999998,-2.4310399999999994,-1.2945799999999998,-20.330000000000002,-15.352,4.346022825084009,3.5941241283470236,2024-04-02
-2.1069199999999997,-2.0495899999999994,-7.302409999999999,0.07678000000000029,-20.41,-15.352,4.346022825084009,3.591642554036281,2024-04-03
-7.55891,-5.03498,-5.406490000000001,0.5290699999999995,-20.810000000000002,-15.41,4.296017152529253,3.5307856664267807,2024-04-04
-4.705900000000001,-4.14844,-2.6684800000000006,0.10244999999999926,-20.939999999999998,-15.329,4.376017861598598,3.6042715338610813,2024-04-05
-3.4795499999999997,-3.9379299999999997,-2.8964399999999992,0.5923600000000002,-21.026666666666664,-15.315,4.386020697875976,3.611272964902268,2024-04-06
-5.15465,-3.94233,-2.76358,0.20487000000000055,-21.113333333333333,-15.300999999999998,4.396023534153353,3.6182743959434536,2024-04-07
-6.73302,-4.27388,-2.94914,-0.7003300000000001,-21.200000000000003,-15.287,4.40602637043073,3.6252758269846392,2024-04-08
-0.49997999999999987,-6.95184,-4.31117,-3.1901599999999997,-21.26,-15.349499999999999,4.34602459775737,3.5652758269846396,2024-04-09
-4.7779,-5.09747,-3.61371,-6.181310000000001,-21.061666666666667,-15.161999999999999,4.536022825084008,3.7555343243086745,2024-04-10
-4.70409,-4.8110100000000005,-4.17246,-4.031350000000001,-21.043333333333333,-15.154500000000002,4.546021052410648,3.76579282163271,2024-04-11
-5.15268,-4.665089999999999,-15.545919999999999,-8.85791,-21.095,-15.216999999999999,4.486019279737287,3.7060513189567463,2024-04-12
-12.155166666666666,-4.113576666666667,-13.281996666666668,-15.794196666666668,-21.04333333333333,-15.172,4.52935379485286,3.749643149614115,2024-04-13
-4.827223333333333,-3.2204533333333334,-10.476593333333334,-3.673633333333334,-20.991666666666667,-15.126999999999999,4.572688309968435,3.7932349802714844,2024-04-14
-5.06233,-2.8768200000000004,-4.45619,-3.9624999999999995,-20.94,-15.082,4.616022825084008,3.8368268109288532,2024-04-15
-2.69032,-3.23506,-3.32697,-4.48793,-21.130000000000003,-15.040999999999999,4.656023534153353,3.869692284785468,2024-04-16
-2.8125400000000003,-2.90939,-3.3033200000000003,-13.767790000000002,-21.68,-15.123999999999999,4.57602140694532,3.7751130357098543,2024-04-17
-2.5236800000000006,-2.8067200000000003,-3.17957,-3.878840000000001,-21.919999999999998,-15.079,4.626017861598598,3.816117328833412,2024-04-18
-2.42936,-2.3396299999999997,-3.09987,-3.5874700000000006,-22.029999999999998,-14.925,4.606141239664517,3.7933255577338265,2024-04-19
-2.3630699999999996,-2.17281,-2.35149,-3.58767,-22.16,-14.923666666666666,4.6061421850903095,3.7892929994788696,2024-04-20
-2.02288,-2.14856,-2.3461299999999996,-7.82933,-22.29,-14.922333333333327,4.606143130516101,3.7852604412239126,2024-04-21
-1.8238599999999998,-2.12397,-2.49793,-7.8397,-22.419999999999998,-14.921,4.606144075941894,3.7812278829689556,2024-04-22
-1.7823599999999997,-2.15114,-2.49484,-3.2812899999999994,-22.425,-14.915,4.596155421051404,3.7713829813633772,2024-04-23
-1.35717,-2.15867,-2.3450599999999993,-3.20561,-22.380000000000003,-14.879,4.636152584774027,3.8115380797577987,2024-04-24
-1.4214899999999995,-2.21533,-2.4356999999999998,-3.40158,-21.740000000000002,-14.833000000000002,4.686149748496649,3.879839690299526,2024-04-25
-1.4172000000000002,-1.9109100000000003,-2.01661,-9.83234,-21.72,-14.795,4.6561979652120655,3.8513906742437403,2024-04-26
-0.6884933333333336,-2.7394833333333333,-2.2294333333333336,-3.7146533333333345,-21.683333333333334,-14.807666666666663,4.642865104591628,3.8396083248546207,2024-04-27
-0.6692366666666665,-2.8430066666666667,-2.219686666666666,-2.6615666666666664,-21.646666666666665,-14.820333333333334,4.629532243971191,3.827825975465502,2024-04-28
-0.8795999999999999,-2.5494200000000005,-2.6868300000000005,-2.67223,-21.61,-14.833000000000002,4.616199383350754,3.816043626076383,2024-04-29
-0.8536799999999998,-2.4247299999999994,-2.5433899999999996,-2.58477,-21.86,-14.773,4.676199383350754,3.866427525622255,2024-04-30
-0.8518400000000002,-2.32134,-2.2538,-2.59523,-22.175,-14.8035,4.616220300896413,3.7985175075067623,2024-05-01
-1.17068,-2.1395799999999996,-2.3888,-2.5823099999999997,-22.479999999999997,-14.824,4.566241218442071,3.74060748939127,2024-05-02
-1.11083,-1.9886100000000004,-2.3169199999999996,-3.157,-22.59,-14.792000000000002,4.4863206342086395,3.6596768990247415,2024-05-03
-1.0376133333333328,-1.9285233333333327,-2.2723033333333333,-3.1814333333333327,-22.603333333333335,-14.792666666666666,4.482989191726891,3.6560333689025653,2024-05-04
-1.2145366666666666,-1.977426666666667,-2.639776666666667,-3.177976666666667,-22.616666666666667,-14.793333333333333,4.479657749245143,3.6523898387803886,2024-05-05
0.09032000000000018,-0.7700300000000002,-1.0281199999999995,-1.1923499999999994,-22.630000000000003,-14.793999999999999,4.4763263067633945,3.648746308658213,2024-05-06
0.09411999999999932,-0.8973700000000004,-1.0873300000000006,-1.24566,-22.21,-14.641000000000002,4.456448975759968,3.6423949673672977,2024-05-07
0.09325000000000028,-1.0742499999999993,-0.96488,-1.21413,-22.06,-14.629999999999999,4.466449684829313,3.656737722411098,2024-05-08
0.15817000000000014,-1.2780399999999998,-1.47851,-1.7276299999999996,-23.155,-14.979,4.436223491708462,3.593701764399335,2024-05-09
0.041529999999999845,-0.9156599999999999,-1.3749200000000004,-1.67929,-21.09,-14.957999999999998,4.486202928697476,3.7062064173511677,2024-05-10
0.21562333333333328,-1.0298966666666667,-1.047226666666667,-1.6869966666666665,-21.166666666666668,-14.963333333333335,4.479537207456602,3.697368373162601,2024-05-11
0.13955666666666744,-1.0050633333333323,-1.4589333333333325,-1.7681433333333327,-21.243333333333332,-14.96866666666666,4.472871486215728,3.6885303289740348,2024-05-12
0.09177000000000035,-1.4791599999999994,-1.4108099999999997,-1.8222399999999999,-21.32,-14.974,4.466205764974854,3.6796922847854683,2024-05-13
-0.010110000000000063,-1.4692299999999996,-1.4898499999999997,-1.4712399999999999,-21.16,-15.003,4.436206474044198,3.6555860237734823,2024-05-14
-0.36165,-1.2870299999999997,-1.2040999999999995,-1.6136299999999997,-21.37,-14.951,4.3463071618910964,3.561863662307368,2024-05-15
-0.6378300000000001,-1.2505699999999997,-1.2290400000000004,-1.8055000000000003,-21.59,-14.936,4.366303616544375,3.5744189393751395,2024-05-16
-1.2946900000000001,-0.9263900000000005,-1.3152499999999998,-2.0495900000000002,-21.520000000000003,-14.947999999999999,4.406266744938468,3.615349529741668,2024-05-17
-1.3473733333333335,-0.9096933333333332,-1.211713333333333,-2.6174533333333336,-21.520000000000003,-14.940000000000001,4.412934357030927,3.6218093985491064,2024-05-18
-1.2881666666666662,-1.0071166666666667,-3.289976666666666,-2.7558266666666666,-21.52,-14.931999999999995,4.419601969123387,3.6282692673565444,2024-05-19
-1.2995399999999995,-1.5427899999999992,-1.71047,-1.6762299999999994,-21.52,-14.924,4.426269581215846,3.634729136163983,2024-05-20
-0.9873199999999995,-2.1542899999999996,-1.3970599999999997,-1.95498,-21.29,-14.953,4.39627029028519,3.6127942526738965,2024-05-21
-1.1168500000000003,-2.03101,-1.4332799999999999,-4.19758,-21.46,-14.936,4.416268163077157,3.6269005136858823,2024-05-22
-2.1747300000000003,-13.251630000000002,-12.674030000000002,-13.279780000000002,-21.740000000000002,-14.902000000000001,4.45626390866109,3.656974216442911,2024-05-23
-2.22081,-2.6776099999999996,-3.7169300000000005,-1.8630399999999998,-21.669999999999998,-14.910999999999998,4.446264617730435,3.6494557907536542,2024-05-24
-2.20735,-2.6231799999999996,-1.6556199999999999,-12.00506,-21.636666666666667,-14.889666666666667,4.466265563156228,3.6698693864721115,2024-05-25
-2.0983799999999997,-2.27323,-1.3527199999999997,-11.24419,-21.60333333333333,-14.868333333333329,4.48626650858202,3.6902829821905683,2024-05-26
-2.0999500000000006,-2.6397500000000003,-1.4637000000000002,-2.9078100000000004,-21.57,-14.847000000000001,4.506267454007812,3.710696577909025,2024-05-27
-2.0439800000000004,-2.62179,-1.4563300000000003,-1.9009799999999997,-21.490000000000002,-14.830000000000002,4.52626532679978,3.7325577586420824,2024-05-28
-2.0083199999999994,-3.87854,-2.16256,-1.81433,-21.580000000000002,-14.687999999999999,4.596316379792573,3.7975946100205973,2024-05-29
-2.23268,-11.868209999999998,-1.4160300000000001,-4.25888,-21.83,-14.753999999999998,4.536312125376507,3.731700871032583,2024-05-30
-2.0997400000000006,-2.55746,-1.6008200000000006,-1.86559,-21.439999999999998,-14.796999999999999,4.496309998168473,3.705039332952825,2024-05-31
-2.302813333333334,-2.573833333333334,-1.5831633333333333,-1.519823333333333,-21.429999999999996,-14.829,4.462977610260933,3.6730501857044775,2024-06-01
-2.491366666666667,-2.6110266666666666,-1.6188866666666666,-1.6331966666666666,-21.42,-14.860999999999995,4.429645222353392,3.64106103845613,2024-06-02
-2.60027,-2.69689,-2.77414,-2.0050999999999997,-21.41,-14.893,4.396312834445852,3.6090718912077824,2024-06-03
-3.906739999999999,-2.53735,-6.7057,-5.9141200000000005,-21.65,-14.972,4.316313543515196,3.524108742586297,2024-06-04
-3.48949,-2.89848,-6.67119,-4.77723,-21.720000000000002,-15.240000000000002,4.276151875704682,3.483178152219768,2024-06-05
-3.1156499999999996,-7.6318600000000005,-3.2517499999999995,-4.799309999999999,-21.79,-15.259999999999998,4.266144785011239,3.4713169714867114,2024-06-06
-2.10898,-7.55452,-2.7387200000000007,-8.06757,-21.79,-15.109000000000002,4.416145494080583,3.6166640196540683,2024-06-07
-2.227996666666667,-2.9580666666666664,-3.601326666666667,-1.9414366666666663,-21.826666666666668,-15.123,4.42945944618517,3.628446369043188,2024-06-08
-2.2129833333333337,-2.8618733333333335,-6.310873333333334,-2.017573333333334,-21.863333333333333,-15.137,4.4427733982897575,3.640228718432306,2024-06-09
-2.33228,-2.97194,-1.3162099999999999,-1.5393,-21.900000000000002,-15.151,4.456087350394345,3.6520110678214257,2024-06-10
-2.75781,-2.97741,-1.5483100000000007,-1.6490200000000002,-22.31,-15.230999999999998,4.376087350394345,3.561774573789612,2024-06-11
-2.7952600000000007,-2.9660200000000003,-1.7443500000000007,-1.7883500000000003,-22.400000000000002,-15.314,4.296085223186312,3.4814643770007687,2024-06-12
-2.6841299999999997,-7.530670000000001,-7.58071,-1.9468999999999994,-22.57,-15.386999999999999,4.22608309597828,3.4083624091123412,2024-06-13
-2.76671,-3.16127,-2.7479899999999997,-1.83136,-22.6,-15.442,4.1860724599381145,3.368672605901184,2024-06-14
-2.644263333333334,-3.0202533333333337,-1.9045533333333333,-1.3412833333333332,-22.631666666666664,-15.415133333333333,4.212739268418649,3.3935297912996005,2024-06-15
-2.601846666666666,-2.9937466666666666,-1.580006666666666,-5.846656666666666,-22.663333333333334,-15.388266666666667,4.2394060768991855,3.4183869766980175,2024-06-16
-2.5301799999999997,-2.87784,-1.2214599999999995,-24.16928,-22.695,-15.3614,4.266072885379721,3.443244162096434,2024-06-17
-2.3364900000000004,-2.5060900000000004,-1.4917300000000004,-6.3184499999999995,-22.813333333333333,-15.421200000000002,4.2060730271935896,3.3814346808281837,2024-06-18
-2.2966800000000003,-2.6310700000000002,-1.597290000000001,-2.240900000000001,-22.856666666666666,-15.405999999999999,4.221073169007457,3.3946251995599335,2024-06-19
-1.9251800000000001,-2.9498800000000003,-1.6479799999999996,-1.9886499999999998,-22.9,-15.396999999999998,4.236068914591392,3.407815718291684,2024-06-20
-0.5794800000000002,-2.88966,-1.66376,-1.9565799999999998,-22.71,-15.302,4.236136276179106,3.4137094572796984,2024-06-21
-0.6068199999999999,-2.72633,-1.6061699999999997,-1.8760000000000003,-22.676666666666662,-15.300666666666665,4.236137221604898,3.4147434465758413,2024-06-22
-0.6288600000000004,-3.18405,-1.60947,-2.15001,-22.64333333333333,-15.299333333333333,4.236138167030691,3.415777435871984,2024-06-23
-0.6851399999999996,-3.0791700000000004,-1.6568300000000002,-0.4205199999999998,-22.61,-15.297999999999998,4.236139112456484,3.4168114251681265,2024-06-24
-0.5943199999999997,-2.9524299999999997,-1.6877299999999993,-13.14895,-22.75,-15.434999999999999,4.216056151343194,3.3930890637020132,2024-06-25
-0.6106099999999994,-2.6927499999999993,-1.71401,-1.61191,-22.55,-15.355999999999998,4.306048351580406,3.486501228379284,2024-06-26
-0.5200800000000001,-2.25328,-1.7644599999999997,-1.8443199999999997,-22.52,-15.393,4.276043388094995,3.458362409112341,2024-06-27
-0.4413299999999998,-2.23879,-1.7904099999999996,-1.8152999999999997,-22.16,-15.322,4.34604409716434,3.5373581159887837,2024-06-28
-0.27279999999999927,-2.17371,-2.32437,-1.84009,-22.08,-15.280666666666667,4.3860450425901325,3.578598903144155,2024-06-29
-0.3492899999999999,-2.3902199999999993,-2.4629499999999993,-1.7059499999999996,-22.0,-15.239333333333327,4.426045988015925,3.6198396902995262,2024-06-30
-0.9535599999999995,-2.3660699999999997,-2.3668499999999995,-1.6667499999999995,-21.919999999999998,-15.198,4.466046933441717,3.661080477454898,2024-07-01
-1.05804,-2.5028700000000006,-1.7511100000000006,-1.6723400000000002,-21.86,-15.248000000000001,4.4160469334417165,3.614492642132168,2024-07-02
-1.0619499999999995,-2.3732699999999998,-1.54969,-2.01438,-21.38,-15.321000000000002,4.346044806233684,3.5615534655185255,2024-07-03
-0.9287700000000001,-2.24111,-1.56996,-1.8941799999999995,-21.21,-15.367999999999999,4.306039842748274,3.528067598084225,2024-07-04
-0.8708,-1.1921599999999994,-1.3699199999999996,-1.7890799999999993,-21.39,-15.407999999999998,4.266039842748274,3.483724843040425,2024-07-05
-0.8334399999999995,-2.0450099999999996,-1.4297499999999994,-1.6963299999999997,-21.37666666666666,-15.406666666666666,4.266040788174066,3.4841384387588823,2024-07-06
-0.8694499999999996,-1.9091899999999997,-1.3350399999999993,-1.6974799999999997,-21.36333333333333,-15.405333333333328,4.266041733599859,3.4845520344773395,2024-07-07
-0.7713700000000001,-0.9904799999999998,-1.3862999999999994,-1.7183099999999998,-21.349999999999998,-15.404,4.266042679025651,3.4849656301957967,2024-07-08
-0.7544500000000003,-0.8349000000000002,-1.4361899999999999,-1.84997,-21.599999999999998,-15.387,4.286040551817617,3.4965903168970396,2024-07-09
-1.1117,-0.81996,-1.3926999999999996,-2.14942,-21.81,-15.407,4.266040551817618,3.4706965779090257,2024-07-10
-1.2693899999999996,-0.9396800000000001,-1.4491300000000003,-3.0170699999999995,-21.78,-15.494,4.186035588332207,3.394108742586297,2024-07-11
-1.29474,-1.0651400000000004,-1.27557,-2.2889,-21.8,-16.06,4.165648436470187,3.3741087425862966,2024-07-12
-1.257973333333334,-1.3455933333333334,-1.260273333333334,-2.2736133333333335,-21.828333333333333,-16.042,4.1823160485626465,3.3893795237031705,2024-07-13
-1.2340166666666663,-1.395176666666666,-1.2792166666666658,-2.0391666666666666,-21.856666666666666,-16.023999999999994,4.198983660655107,3.404650304820045,2024-07-14
-1.7363899999999992,-1.5775599999999992,-1.4848299999999997,-1.9274399999999998,-21.884999999999998,-16.006,4.215651272747565,3.419921085936919,2024-07-15
-1.8034400000000002,-1.55192,-1.17495,-1.9920400000000003,-21.990000000000002,-16.066000000000003,4.155651272747565,3.3585252003871258,2024-07-16
-1.65522,-1.55049,-1.02468,-2.02496,-22.05,-16.076,4.145651272747565,3.3469742164429115,2024-07-17
-1.7534999999999998,-1.6856200000000001,-1.1523599999999998,-6.7159699999999996,-22.03,-16.047,4.185643472984777,3.386353822865226,2024-07-18
-1.6492899999999997,-1.68459,-1.1531599999999997,-7.231059999999999,-22.02,-15.997,4.235643472984777,3.4351130357098545,2024-07-19
-1.556586666666667,-2.3240266666666667,-1.1107266666666673,-14.240226666666665,-22.03333333333333,-15.991999999999997,4.238977988100351,3.437929374395116,2024-07-20
-1.532683333333333,-2.2775033333333328,-1.1177933333333332,-1.8162933333333333,-22.046666666666663,-15.986999999999995,4.242312503215925,3.4407457130803785,2024-07-21
-1.6081000000000003,-2.1834500000000006,-0.9446000000000003,-0.48336000000000023,-22.060000000000002,-15.982000000000001,4.245647018331499,3.44356205176564,2024-07-22
-1.57085,-2.4112,-0.9239499999999996,-0.6059599999999996,-21.88,-15.991,4.235647727400844,3.4394557907536543,2024-07-23
-1.4752199999999993,-2.3345899999999995,-0.8858199999999998,0.4740300000000004,-21.98,-15.963999999999999,4.26564560019281,3.4654232324986975,2024-07-24
0.1471499999999999,-0.5002300000000002,0.5501199999999997,0.4097299999999997,-22.16,-15.978000000000002,4.255642763915432,3.4501498870883687,2024-07-25
-0.010880000000000223,-0.3859300000000001,0.4597800000000003,-0.30405000000000015,-22.12,-16.051000000000002,4.1856406367074,3.38356205176564,2024-07-26
-0.09964999999999957,-0.7680799999999994,0.3127100000000005,-0.3149899999999999,-22.18333333333333,-16.19333333333333,4.175546803197497,3.3719076688918124,2024-07-27
-0.1338500000000007,-0.8640800000000004,0.0662799999999999,-0.3404500000000006,-22.246666666666663,-16.33566666666667,4.165452969687593,3.360253286017983,2024-07-28
-0.14128000000000007,-0.9855600000000004,0.08282999999999952,-2.99815,-22.310000000000002,-16.478,4.155359136177689,3.3485989031441545,2024-07-29
-0.2368099999999993,-0.9599500000000001,0.05168000000000017,-1.29162,-22.32,-16.497,4.135359845247034,3.3289090999329978,2024-07-30
-0.45450999999999997,-0.9415800000000001,-0.02232000000000056,-0.5361200000000004,-22.49,-16.56,4.075357718039,3.265496935255726,2024-07-31
-0.4573499999999999,-0.6786300000000001,-0.20021999999999984,-0.6587699999999996,-22.15,-16.653,3.9753626815244116,3.1791455939648117,2024-08-01
-0.4213300000000002,-0.8319700000000001,-0.38133000000000017,-0.87852,-22.24,-16.846,3.785360554316378,2.9922475618532394,2024-08-02
-0.47526666666666717,-1.4504666666666672,-0.608786666666667,-0.8355666666666668,-22.393333333333334,-16.852333333333334,3.7786941240061593,2.9810313422835444,2024-08-03
-0.3806633333333336,-1.1620133333333342,-0.4879733333333336,-0.8083533333333337,-22.546666666666663,-16.858666666666668,3.7720276936959407,2.9698151227138494,2024-08-04
-0.20394000000000023,0.41030999999999995,1.2819099999999999,1.2511299999999999,-22.7,-16.865,3.7653612633857225,2.9585989031441544,2024-08-05
-0.2480199999999999,0.4447099999999997,0.9716299999999998,1.1077399999999997,-22.91,-16.744,3.8853619724550668,3.068362409112341,2024-08-06
0.12840000000000007,0.28149999999999986,0.8080099999999999,-0.5631899999999996,-22.48,-16.686999999999998,3.945359845247034,3.139839690299526,2024-08-07
-0.3429000000000002,0.22311000000000014,0.5085900000000003,0.8892000000000002,-22.6,-17.264000000000003,3.9749294401550084,3.1651867384668835,2024-08-08
-0.20015000000000027,-0.14915999999999974,0.42689999999999984,0.8296799999999998,-22.65,-17.098,3.9250825991333897,3.115186738466883,2024-08-09
-0.09404333333333481,-0.0730133333333347,0.46132666666666555,0.7861566666666655,-22.656666666666663,-17.111,3.9117495021565034,3.1020602029927775,2024-08-10
0.13248333333333306,0.10560333333333327,0.31237333333333295,0.7089733333333332,-22.663333333333334,-17.124,3.898416405179619,3.0889336675186736,2024-08-11
0.056219999999999715,0.3000799999999999,0.16759999999999975,0.6503799999999997,-22.67,-17.137,3.885083308202734,3.0758071320445692,2024-08-12
-0.04628999999999994,0.16490000000000027,0.12307000000000023,0.6398800000000002,-22.99,-17.189999999999998,3.835081180994701,3.0174318187458127,2024-08-13
-0.09837000000000007,0.23023000000000016,-0.06957999999999975,0.8543400000000001,-23.090000000000003,-17.003999999999998,3.815227249279639,2.9949502444350697,2024-08-14
0.10116000000000014,0.10706999999999978,-0.0861200000000002,0.7638699999999998,-23.060000000000002,-16.512,3.9055122951560706,3.0830890637020127,2024-08-15
0.08757999999999999,0.3249599999999999,0.13088000000000033,0.7446299999999999,-23.02,-16.532571428571426,3.875518980667032,3.0552604412239126,2024-08-16
-0.022159999999999958,0.06428999999999974,0.0933799999999998,0.7280500000000001,-23.040000000000003,-16.533142857142852,3.865525666177993,3.0449502444350696,2024-08-17
0.018920000000000048,-0.08007000000000009,0.08705000000000007,0.6745100000000002,-23.06,-16.533714285714282,3.855532351688954,3.034640047646227,2024-08-18
0.021300000000000097,0.050839999999999996,0.1419699999999997,0.16769999999999996,-23.080000000000002,-16.534285714285716,3.845539037199915,3.024329850857384,2024-08-19
-0.016329999999999956,-0.14202000000000004,0.043179999999999996,0.5722700000000001,-23.02,-16.564857142857143,3.805545722710876,2.9874318187458124,2024-08-20
0.04217000000000004,-0.38164,0.03632999999999997,-0.7735599999999998,-22.98,-16.585428571428572,3.7755524082218375,2.9596031962677123,2024-08-21
0.08572999999999986,-0.3662899999999998,0.12434999999999974,-0.35785000000000045,-22.740000000000002,-16.506,3.8455590937327986,3.0348765416780403,2024-08-22
