Date,usdt,usdp,usdc,tusd,gusd,frax,dai,busd,bit,eth,xrp,DGS3MO,NGN,Lira
2023-08-07,0.9999454982,1.000334,1.000084807,1.000378012,1.000804538,0.9979413137,1.000069136,1.001382583,29779.56167,1856.844145,0.6426242002,5.55,0.0013024733969808,0.037
2023-08-08,0.9997120082,1.000236599,1.000001954,0.9996544713,0.9994448253,0.9984766543,1.000128597,0.9998618299,29585.48808,1855.890727,0.6436052062,5.54,0.0013024733969808,0.037
2023-08-09,0.9988989814,0.9997572,0.9998613919,0.9989147322,1.00153901,0.9983424005,0.9997384303,0.9999567129,29423.81892,1850.876989,0.6332138417,5.54,0.0013024733969808,0.0372
2023-08-10,0.9989379212,0.9997818845,1.00026938,0.9993007131,1.0056416,0.9997230221,0.9997245039,0.9999970672,29396.84797,1847.541835,0.6316175805,5.55,0.0013034766075607,0.0371
2023-08-11,0.9993771984,1.000141873,0.999880071,0.9994618319,1.004124417,0.9984530989,0.9997296781,0.9999519474,29412.14227,1848.505239,0.6270807268,5.55,0.0013044798181406,0.037
2023-08-12,0.9993836393,0.9994939979,0.9999806676,0.9987140997,1.003773164,0.9988035102,1.000150462,0.9992618006,29284.96971,1839.51281,0.6256892006,5.56,0.0013054830287206,0.0369
2023-08-13,0.9987126493,0.99968965,0.9996884425,0.9983799396,1.005578376,0.9981863501,0.9998489734,0.9998945163,29400.5868,1843.513391,0.6346809011,5.56,0.0013175230566534,0.0369
2023-08-14,0.9988934303,0.9999741574,0.9999747939,0.9991258294,1.000514771,0.9964404351,0.9997310066,0.9996271289,29170.4904,1826.913128,0.60933038,5.56,0.0012748760183072,0.0369
2023-08-15,0.9997501195,1.000360511,1.000939172,1.000548562,0.999294512,0.9985816363,1.000652333,0.9989668347,28754.19702,1809.460474,0.5892528804,5.56,0.0013046825055122,0.0368
2023-08-16,0.9961744307,0.997184693,0.9955224753,0.9938469535,0.999017274,0.993673065,0.9964236359,0.9971259585,26501.58727,1675.862171,0.5045364414,5.55,0.001342408011491,0.0368
2023-08-17,0.999380821,0.9999679757,0.9996580398,0.9997015257,1.001199043,0.9986148481,0.9999974411,1.00122324,26042.83826,1660.67911,0.5055391267,5.56,0.0013431842411786,0.0368
2023-08-18,1.000243237,1.000812253,1.000504392,0.9998772794,1.001885356,0.9985004374,1.000121051,0.9998600392,26104.77863,1669.233455,0.5197335651,5.56,0.0013439604708663,0.0368
2023-08-19,0.9992078412,0.9991099551,0.9992927634,0.999000551,1.001040056,0.9993628551,0.9997526851,0.9992703089,26160.70042,1682.461825,0.5390316045,5.57,0.001344736700554,0.0368
2023-08-20,0.9998321491,1.001675352,0.9993169869,0.9992648054,0.9999384586,0.9976305111,0.9998063574,0.9999024547,26119.00596,1666.840465,0.5244055107,5.57,0.0013144231653938,0.0367
2023-08-21,1.000199527,1.001128321,0.9997954999,1.001011741,0.9986921825,0.9992448887,1.00035147,1.000994666,26033.67541,1635.191294,0.5209235535,5.57,0.0013240298171514,0.0367
2023-08-22,1.001008252,1.001263294,1.000290563,0.9994500487,1.004276175,0.9988311898,0.9997565301,1.000337681,26450.00862,1679.123993,0.5299193796,5.58,0.0013258906670555,0.0388
2023-08-23,0.9992697374,0.9991127722,0.998997249,0.9999932178,0.9930558456,0.9973803944,0.9989314093,1.000752216,26134.93425,1658.399654,0.5181136081,5.61,0.0012972860775258,0.0377
2023-08-24,0.9995011509,0.9996513309,1.00038312,0.9986373996,0.9985546867,1.000108844,0.9999896383,1.000039409,26044.03621,1653.42932,0.5262962066,5.6,0.0012955762548108,0.0377
2023-08-25,0.9996561632,0.9992910664,1.000031724,0.999090972,1.001209716,0.9978869818,0.9999362357,0.9997644304,26002.01572,1645.905,0.5229085098,5.59,0.0012938664320959,0.0377
2023-08-26,0.9994984237,0.9996290614,0.9998586387,0.9990493169,1.004332581,0.9977805471,0.9997006852,1.000031106,26082.71718,1656.931058,0.523546578,5.58,0.001292156609381,0.0377
2023-08-27,0.9995802413,0.9998261733,1.000205978,0.9991507789,1.001516667,0.9980603846,1.000162269,0.9999304661,26109.26982,1653.198566,0.5232997783,5.56,0.0012953871264427,0.0375
2023-08-28,0.9999131006,0.9998729885,0.9997598318,1.002017292,1.000337694,0.9967120916,1.001010655,1.000079067,27730.50374,1730.190258,0.5400245415,5.56,0.001293661060802,0.0374
2023-08-29,0.9997151129,0.9999358891,0.9997635543,0.998905816,1.000038983,0.9992171944,0.9998117961,1.000047317,27297.26144,1705.108103,0.5278782643,5.56,0.001293661060802,0.0374
2023-08-30,0.9996551199,0.9999307914,0.9992464276,0.9972063544,1.000500923,0.9964483116,0.9992430528,0.9990133477,25927.41701,1645.181525,0.510322587,5.53,0.0013218421191772,0.0373
2023-08-31,0.999407831,1.000544889,1.001439198,0.9976991911,0.999694594,0.9987911272,1.000552507,1.000027916,25812.33049,1630.60589,0.4978373807,5.54,0.0013218421191772,0.0373333333333333
2023-09-01,0.9996804009,0.9998191603,0.9998866598,0.9980688807,0.9994486952,0.9978517777,1.000030496,0.9999493623,25853.65684,1636.162199,0.498604458,5.54,0.0013218421191772,0.0373666666666666
2023-09-02,0.9996074456,0.9989324303,0.9997703722,0.9981166477,1.00021615,0.9960309849,0.999670854,0.999662577,25959.59631,1635.403043,0.5045355543,5.54,0.0013218421191772,0.0374
2023-09-03,0.9995220028,0.9983860243,1.00019113,0.9978878339,0.9998797782,0.9989472503,1.000114756,0.9995880674,25829.36477,1630.627547,0.5084170374,5.55,0.0013148725231088,0.0373
2023-09-04,0.9995302269,0.999911927,0.9997590747,0.99816336,1.000336301,0.997058841,1.00010789,0.9996556275,25784.41352,1633.077004,0.505155935,5.55,0.0013280212483399,0.0372
2023-09-05,0.9993040198,1.000079125,0.9997284688,0.9979378198,0.9996019033,0.9970248751,0.9997932527,0.9996914614,25752.95842,1632.902416,0.5032527282,5.53,0.0012746485156718,0.0372
2023-09-06,0.999928745,1.000301779,1.000639447,0.9976840895,1.001353833,0.9979555401,0.9992824561,1.000869229,26192.33343,1646.305083,0.5042430428,5.55,0.0012674271229404,0.0372
2023-09-07,0.9999982399,1.000332412,1.00016972,0.9984139492,0.9993581193,0.9958972072,0.999989059,0.9999719648,25907.22814,1636.354259,0.5048375493,5.55,0.0012969043037245,0.0371666666666666
2023-09-08,0.9996194066,0.9998234732,0.9997848582,0.9980786882,0.998217628,0.9968007249,0.9990998603,0.9998484555,25889.32501,1634.445946,0.5035773861,5.55,0.0013263814845086,0.0371333333333333
2023-09-09,0.9996572196,0.9985169369,0.9997429486,0.9984146669,1.000360734,0.9966190045,1.000116565,0.9998489266,25834.5801,1617.48618,0.4978466853,5.55,0.0013558586652927,0.0371
2023-09-10,0.9997010569,0.9982983381,1.000239405,0.9975493934,1.001272827,0.9980411581,1.000266801,0.999951914,25133.30311,1549.893423,0.4743761119,5.56,0.0012981449508652,0.0371
2023-09-11,1.000835258,0.9998622597,1.000399088,0.9988251407,0.9990321958,0.9951323709,0.998807984,1.000700777,25866.80666,1594.974501,0.4808061803,5.55,0.0013401592109142,0.0371
2023-09-12,1.000146455,0.9994934562,0.9999439639,0.998579581,0.9989717109,0.9950390929,0.9983762782,1.000486499,26223.43608,1607.736697,0.4838766292,5.55,0.0012771392081736,0.037
2023-09-13,1.000066962,0.9990534353,1.000125173,0.998158556,0.9977964301,0.9948829508,0.9983831805,1.00007566,26531.39557,1626.436341,0.4890299653,5.56,0.001302524292078,0.0369
2023-09-14,0.9998946277,0.9993218205,0.9991243382,0.9977668177,0.9985240329,0.9963049509,0.9996506463,0.9977895416,26634.63103,1641.934758,0.500492793,5.56,0.0013069864200464,0.0369333333333333
2023-09-15,1.000170972,0.9996376007,0.9995733989,0.9994596679,1.000514832,0.9976108883,0.9997636561,1.000262839,26557.76869,1634.419885,0.4992748459,5.55,0.0013114485480148,0.0369666666666666
2023-09-16,1.000248687,0.9988183616,1.000267225,0.9995032712,0.9996079945,0.9973176757,0.9999658925,1.001120783,26520.98825,1622.478777,0.4929015779,5.55,0.0013159106759833,0.037
2023-09-17,0.9999550563,0.9985270794,0.9995272349,0.998973827,0.9988695494,0.9960368142,0.9994495813,0.9996449773,26741.46111,1636.634609,0.5026838986,5.54,0.0012897733868159,0.0369
2023-09-18,0.9998549917,0.9992715691,0.9996959286,0.9996920171,0.999997282,0.9969592329,0.9993739816,0.9999873491,27219.29687,1643.698418,0.5141436165,5.56,0.00129824606956,0.037
2023-09-19,0.9994293722,0.9991096902,0.9994212916,0.9982023008,0.9995219749,0.9963151786,0.9997214634,1.000069012,27115.84645,1621.532955,0.5216276897,5.57,0.0013030504410825,0.0369
2023-09-20,0.9998096438,0.9983969769,0.9995869984,0.9986076534,0.9974140877,0.9951824928,0.999049529,0.9995492943,26561.13345,1583.824247,0.5066858953,5.56,0.0013030504410825,0.0367
2023-09-21,1.000115414,0.9989870097,0.9999509119,0.9982217728,1.001272487,0.9991214665,1.00017858,0.9996839268,26572.03811,1593.470154,0.512190995,5.57,0.0012965718470148,0.0367
2023-09-22,1.00004543,0.9978324626,0.9997797346,0.9985221147,1.000082013,0.9979137428,1.000453035,1.000103262,26573.92348,1593.179974,0.5074174505,5.57,0.0012900932529471,0.0367
2023-09-23,0.9999996957,0.9998303586,0.9997325816,0.9978406772,0.9994262305,0.9972895085,0.9993645588,0.9997670862,26249.5629,1580.477795,0.5021664523,5.58,0.0012836146588794,0.0367
2023-09-24,0.9997818055,0.999339622,0.9999920765,0.9984706836,0.9991589314,0.9987180494,0.9999057437,1.00001062,26298.63468,1588.471183,0.5053664037,5.58,0.0012836146588794,0.0366
2023-09-25,0.9995321571,0.999779705,0.9996083661,0.9982996654,0.9990971717,0.9984989299,0.9993665834,1.000146241,26204.75759,1592.486126,0.5016672517,5.58,0.0012860082304526,0.0371
2023-09-26,0.9993943318,0.9994884738,1.000200358,0.9980393468,1.000575945,1.000372424,1.000595647,1.000426341,26350.1469,1597.41681,0.499228678,5.56,0.0012860082304526,0.0365
2023-09-27,0.999652663,0.9987744282,0.9995857317,0.9980947663,0.9998929717,0.9979988146,0.9993213035,0.9997701454,27009.01375,1652.196397,0.5095043913,5.55,0.0013020833333333,0.0364
2023-09-28,0.9998617067,0.9990802131,0.9999651346,0.998638801,1.000065332,0.9983171485,0.9998389914,1.000035304,26917.1991,1667.988849,0.5212894024,5.57,0.0013029497240596,0.0364
2023-09-29,1.000081554,0.9999406717,1.000061586,0.9986137046,1.000289443,0.997220598,0.9996823653,1.000194684,26969.87614,1670.998956,0.5154269238,5.6,0.0013038161147859,0.0364
2023-09-30,0.9997551661,0.9997712915,1.000780495,0.9993665282,1.000318461,0.9993881746,1.001395809,0.9997798192,27967.51058,1733.818035,0.5241865285,5.62,0.0013046825055122,0.0364
2023-10-01,1.000096161,0.9990236086,1.000726807,0.998587926,1.000341952,0.9996610408,0.9986314954,1.000139626,27615.06489,1665.276425,0.5132709648,5.62,0.0013047165503294,0.0363
2023-10-02,1.000235051,1.00007702,0.9999000605,0.998231885,0.9984867553,0.9964856551,0.9991895685,1.000140914,27439.12195,1656.322003,0.5376404368,5.61,0.0013393873642196,0.0363
2023-10-03,1.000066443,0.9990309092,0.99975995,0.9989612719,0.999469338,0.9980481541,0.9992371192,1.000177544,27792.11128,1648.193373,0.5329996918,5.61,0.0013131286603461,0.0362
2023-10-04,0.9997696648,0.9988119011,1.000397133,0.9996282754,0.9987971385,0.9964664725,0.9995968828,1.000006923,27435.87462,1612.994889,0.5235521685,5.63,0.0012961090805402,0.0361
2023-10-05,1.000955269,1.000309904,1.000161486,0.9998909394,0.9992103676,0.9962949852,0.9994510455,1.000642008,27958.19644,1646.393402,0.5260528432,5.62,0.001303414937193,0.0361
2023-10-06,1.000753626,1.00018084,1.000189046,0.9998024116,0.9988719035,0.9980080851,0.9998866489,1.000462486,27977.54349,1635.082855,0.5218613816,5.62,0.0013107207938459,0.0361
2023-10-07,1.000597665,0.9998379305,1.000287242,0.9998700863,0.998351321,0.9981574682,1.000278027,1.001460933,27948.10365,1634.221655,0.517952265,5.62,0.0013180266504988,0.0361
2023-10-08,1.000133964,1.000189624,1.000013061,0.998575986,1.00107837,0.9984058665,1.000481294,1.000294982,27593.78253,1580.17776,0.502878242,5.61,0.0013105644601129,0.036
2023-10-09,0.9999801295,0.9985194637,0.9998080429,1.000302715,0.9997378427,0.9977607983,0.9985892195,1.000231015,27392.2477,1567.458226,0.4972634455,5.61,0.0013166730305863,0.0361
2023-10-10,0.9995436534,0.9998955581,1.00008555,1.000396159,0.9996463448,0.9984252783,0.9997712971,0.9996687256,26842.19044,1564.916203,0.4886708683,5.63,0.0013020833333333,0.036
2023-10-11,0.9995014213,1.000271112,0.999404903,0.9987410156,1.000125356,0.9972724954,0.9993460807,0.9998213411,26729.13721,1536.812805,0.4829641394,5.62,0.0012995282712375,0.0359
2023-10-12,0.9997206026,1.000254842,1.000058608,0.9991294841,0.9993590198,0.9994843745,0.9999518652,1.000262323,26841.13622,1550.966873,0.4854689863,5.62,0.0013021219026731,0.0358666666666666
2023-10-13,1.000193125,1.000433244,1.000111473,0.9995671479,0.9996560149,0.9986737835,0.9996678267,1.000327611,26863.18357,1555.456208,0.486629503,5.61,0.0013047155341088,0.0358333333333333
2023-10-14,0.9998336108,1.000485971,1.000028081,0.9991544706,0.9982158032,0.9985238481,0.9996188691,1.000799159,27150.297,1557.760809,0.487679078,5.61,0.0013073091655445,0.0358
2023-10-15,1.000625345,1.000785945,0.9997264384,0.9996379491,0.9992672577,0.9911489002,0.9995916431,1.000629427,28513.30993,1601.23219,0.4985158743,5.62,0.0013084894797445,0.0357
2023-10-16,1.000425537,0.9997008507,0.9998202965,0.9990446918,0.9990893084,0.9990608143,0.9990030799,0.9995635363,28417.72175,1565.060588,0.4917178809,5.61,0.0012912556169619,0.0357
2023-10-17,1.000212457,1.00016978,0.9999613093,0.9983885847,1.000041624,0.9986473698,0.9988102172,1.000542606,28328.2452,1564.071187,0.4879852148,5.6,0.0013089005235602,0.0357
2023-10-18,1.000693599,1.000822153,1.001227578,1.000252264,1.000211117,0.9993942388,0.9996562324,1.002160394,28715.74814,1568.374683,0.5200805573,5.58,0.0011638327339594,0.0357
2023-10-19,1.000259633,0.9988796321,0.9988681309,0.9992674499,0.9983161044,0.9976000098,0.9988291074,0.9994304068,29677.39289,1603.909936,0.5167567212,5.58,0.0011533894330586,0.0356666666666666
2023-10-20,1.000371273,1.000326678,1.00092646,0.9997922059,0.9975687616,0.9989320263,1.000236465,0.9999656377,29920.07449,1629.295529,0.5208149431,5.58,0.0011429461321578,0.0356333333333333
2023-10-21,1.000826942,1.000737045,1.000624273,0.9995438728,0.9959332715,1.000299604,1.000084263,1.000504296,30019.3805,1664.570638,0.5228950728,5.58,0.001132502831257,0.0356
2023-10-22,1.001323798,1.000696024,1.000371697,1.003017072,0.9981524268,0.9990745328,1.00071693,1.000056705,32953.26276,1764.930309,0.54577484,5.58,0.0012579724000855,0.0356
2023-10-23,1.000154157,0.9997832402,1.000770665,0.995977672,0.9999489729,0.9993884775,0.9997656508,1.000833247,33846.72426,1784.773411,0.5582475427,5.59,0.0012579724000855,0.0355
2023-10-24,1.000577329,1.000433349,1.000044606,0.9981173069,0.9993604467,0.9960364812,0.9992639731,1.000070923,34471.98603,1785.555149,0.5547696971,5.59,0.0012465719272001,0.0355
2023-10-25,1.000532034,1.00031694,1.000346325,0.9988976832,0.998140833,0.9991219734,0.9991622986,1.000353647,34174.45155,1804.161769,0.5538368191,5.59,0.0012658227848101,0.0355
2023-10-26,0.9996051755,1.000068705,0.9998499501,0.9992263659,1.000046176,0.9997362878,0.9993898416,1.001296775,33899.09306,1780.570412,0.5459460304,5.59,0.001267980858211,0.0354333333333333
2023-10-27,1.000048835,0.9998400326,1.000084018,0.999839599,0.9989806917,0.9990461242,0.9991075469,1.001927006,34092.63093,1776.353566,0.5451150556,5.6,0.0012701389316119,0.0353666666666666
2023-10-28,1.000589066,0.9998854862,1.002390511,0.9991124963,0.9981656222,0.9982443816,0.9998076432,1.002051987,34556.24281,1798.165414,0.5564637794,5.6,0.0012722970050128,0.0353
2023-10-29,1.000583593,1.000400231,1.000080546,1.000102944,0.999988931,0.9994407412,1.000201097,1.000606533,34498.70392,1809.639301,0.5786581213,5.59,0.0012738853503184,0.0353
2023-10-30,1.000744864,1.000766508,1.000375595,0.9999455408,0.9996065471,0.9996745609,0.9991772082,1.000714081,34672.28928,1816.803149,0.6004457064,5.57,0.0012706480304955,0.0353
2023-10-31,1.000447894,1.000602316,1.000284452,0.9999459075,1.000122234,0.9985185181,0.9994921133,1.000400316,35457.45491,1846.482231,0.6093844677,5.54,0.0012706480304955,0.0352
2023-11-01,0.9999118805,0.9999216831,1.000876937,1.000682848,0.9999068877,1.000186716,0.9999474472,1.002645211,34924.05545,1800.90718,0.6065634646,5.53,0.0012402793109008,0.0352
2023-11-02,1.000419006,1.000630651,1.000005246,0.9999646588,0.9991523765,0.9986214505,0.9993679097,1.00092874,34731.38137,1834.173057,0.6128581253,5.54,0.0012439366243509,0.0351666666666666
2023-11-03,1.000348449,1.000142494,1.000144288,0.9999749624,0.9985682732,0.9970167027,0.9990731163,0.999658718,35048.40783,1855.454385,0.6160801917,5.55,0.001247593937801,0.0351333333333333
2023-11-04,1.000509456,0.9989201591,0.9993934252,0.9977748612,0.998429322,0.99810848,0.9998852846,0.9995212419,35061.92875,1895.938066,0.6591804645,5.56,0.0012512512512512,0.0351
2023-11-05,1.000669911,1.000815151,0.9997702862,0.9996957884,1.001034084,0.9993843153,0.9990387092,1.000899465,35031.26888,1898.518226,0.7155023482,5.55,0.0012721189685659,0.0351
2023-11-06,1.000708622,1.000403927,1.000510887,0.9994269255,0.998514796,0.998503826,0.9999433544,1.000178826,35436.53763,1887.315322,0.6856205349,5.54,0.0012456402590931,0.0351
2023-11-07,0.9996116378,0.9996052506,1.000182833,0.9957779518,0.9979756851,0.999199213,0.9987565021,0.9992129458,35795.08063,1891.491779,0.6882299494,5.54,0.0012468827930174,0.035
2023-11-08,1.000460116,1.001454165,1.000904189,1.000598481,0.9989018478,1.000325144,1.00040119,1.001096908,36768.42082,2128.609504,0.6677694919,5.53,0.0012468827930174,0.035
2023-11-09,1.000342696,0.9990052249,0.9997515805,0.9985848259,0.9980974394,0.9970273358,0.9992186456,0.9992547394,37344.249,2078.853466,0.6595912968,5.54,0.0012468827930174,0.0349666666666666
2023-11-10,1.001075636,0.9994377724,1.000449668,1.002671146,1.001485095,1.002223234,1.001186529,0.9997801514,37122.72282,2052.994586,0.6629780776,5.54,0.0012468827930174,0.0349333333333333
2023-11-11,1.000426486,1.00028739,0.9998085947,1.001302855,0.9989392078,0.9993778625,0.9998646515,1.001563818,37067.69698,2046.08708,0.6614091639,5.55,0.0012468827930174,0.0349
2023-11-12,1.000099353,0.9997241414,1.000150752,0.9997005262,1.000294212,0.9978876383,0.9996811967,1.001052333,36549.16205,2060.532856,0.6710329983,5.52,0.001183515989301,0.0349
2023-11-13,1.000062545,0.9984875051,0.9994708069,0.997299619,0.9993725413,0.9981845731,0.9987395161,1.000017589,35545.20143,1980.515431,0.6295797575,5.53,0.0011861270579304,0.0348
2023-11-14,1.000761075,1.000893201,1.001377983,1.001704923,1.0005691,1.001124317,1.00085819,1.003452152,37903.66245,2061.635532,0.6499017733,5.51,0.0012094238304871,0.0349
2023-11-15,0.9999876182,0.999509051,1.000415041,0.9989120689,0.9978327048,0.9991234344,1.000365236,0.9998578251,36201.51611,1962.24384,0.6123377362,5.5,0.0011911284751173,0.0348
2023-11-16,1.000181193,0.9986493832,0.9995026044,0.9991619956,0.9936655373,0.9939925207,0.9996251405,0.9995301176,36527.76023,1956.517432,0.6127256424,5.51,0.0012007484127823,0.0347666666666666
2023-11-17,1.000766952,1.000373216,1.000267752,0.9992155619,1.000544806,0.9990410095,0.9990060017,1.000065581,36582.36844,1962.630566,0.6106601785,5.53,0.0012103683504473,0.0347333333333333
2023-11-18,0.9997261607,0.9999598845,0.9991151702,0.9977872908,0.9971914459,0.9972681281,0.9991271922,0.9983058192,37413.99461,2011.126721,0.6269907138,5.54,0.0012199882881124,0.0347
2023-11-19,1.00044619,0.9994040433,0.9996846571,0.9992331023,0.9978660798,0.9975430579,1.000043672,0.9988993451,37489.29847,2022.388148,0.612206579,5.53,0.0012253400318588,0.0347
2023-11-20,1.000762624,0.9981527138,1.000578518,0.9946746315,0.9995238479,0.9977103222,0.9991382653,0.9992223798,35965.36036,1940.44481,0.5801605101,5.54,0.0012439512868676,0.0347
2023-11-21,1.000624464,1.00008761,1.000184706,0.9994012024,1.000022938,0.9999609455,0.998820102,1.000432799,37464.83293,2065.941441,0.6117239362,5.54,0.0012439512868676,0.0347
2023-11-22,0.999878145,0.9998030979,1.000136572,0.9988447196,0.9987570728,0.9984562511,0.9995839611,0.9994813914,37293.31613,2062.269552,0.6203233552,5.54,0.0012437810945273,0.0346
2023-11-23,1.001038593,0.999874023,1.000275361,0.9991391373,0.9995412279,0.9983546034,1.000722835,0.9998460163,37738.9317,2080.851758,0.6219794905,5.52,0.001246375548208,0.0345666666666666
2023-11-24,1.000516462,1.000040515,1.000642472,0.9993866446,0.9984872295,0.9977136877,0.9992082653,1.000615846,37809.85287,2085.426622,0.623237441,5.51,0.0012489700018887,0.0345333333333333
2023-11-25,1.000189025,0.9999946857,0.9997836927,0.9974773064,0.9992149645,0.9982718343,0.9982594983,1.000183426,37491.83819,2064.074218,0.6168507134,5.49,0.0012515644555694,0.0345
2023-11-26,1.000655241,1.000086325,1.000699972,0.9980596717,0.9999940159,0.9983049898,0.997854138,1.000709432,37250.16905,2030.000506,0.604079842,5.47,0.0012674271229404,0.0345
2023-11-27,1.000497594,1.000070851,0.9997474433,0.9980258628,1.000075761,0.9980945553,0.9985239222,1.000830968,37802.23604,2048.535257,0.6112661349,5.45,0.0012610340479192,0.0345
2023-11-28,1.000011922,0.9992128449,0.9994187676,0.9970000327,0.9988138642,0.9981401773,0.9973052311,0.9984270166,37810.34642,2025.937328,0.6091451103,5.45,0.0012658227848101,0.0346
2023-11-29,0.9996172781,1.000124532,1.000048125,0.9986228623,0.9980676098,0.9995813669,0.9995720901,0.9999184284,37711.81838,2051.756718,0.6058189108,5.43,0.0012690355329949,0.0346
2023-11-30,1.000559452,1.000372675,0.9997976265,0.999138964,0.9989024279,0.9986016994,0.9987900251,1.000344353,38688.25874,2085.712361,0.6130010435,5.44,0.0012637346326899,0.0346
2023-12-01,1.000690168,1.000198012,1.000250728,0.9994869012,0.9980588176,0.9999473857,0.9993712033,1.000056672,39481.66642,2165.297881,0.6205777815,5.45,0.0012584337323851,0.0346
2023-12-02,0.9998935905,0.9998551302,0.9991584655,0.9999282277,0.9983081799,0.9977374575,0.9993447608,0.9995880712,39960.27542,2190.70404,0.6231180551,5.46,0.0012531328320802,0.0346
2023-12-03,1.000229153,1.000508066,1.000612684,0.9977887628,0.9981930792,0.9991397575,0.9971688434,1.001789235,41974.33177,2242.961543,0.6244086757,5.45,0.0012484394506866,0.0345
2023-12-04,1.000094724,0.9999773498,1.000143342,0.9991196399,1.000958685,0.9987809608,0.9993023551,0.9997923219,44105.94477,2294.09517,0.6217479099,5.45,0.0012484394506866,0.0346
2023-12-05,0.9995857412,0.9990174098,0.9994728138,0.9981788525,0.9999725505,0.9980036984,0.9985489156,0.999870169,43788.28881,2232.02544,0.6417940162,5.44,0.00125,0.0346
2023-12-06,0.9999325681,0.9991948656,0.9998510069,0.9973745376,1.0002437,0.9978895187,0.9988013486,1.000953341,43270.11956,2354.386931,0.6430968162,5.44,0.0012658227848101,0.0345
2023-12-07,1.001047764,1.001101068,1.000521018,0.9989346992,1.000227615,0.9990350587,0.9993835226,1.000190952,44202.17611,2359.889056,0.673741552,5.45,0.0012658227848101,0.0344666666666666
2023-12-08,1.001031153,1.000613062,1.00081802,1.000236573,1.000488398,1.000053666,0.9995788448,1.000125044,43745.49199,2341.072481,0.6589222499,5.46,0.0012658227848101,0.0344333333333333
2023-12-09,1.000214783,1.000303116,1.000261661,0.9992859613,0.9991228692,0.9992360702,1.000205158,0.9996288957,43757.95994,2352.098728,0.6615597705,5.47,0.0012658227848101,0.0344
2023-12-10,0.9995940305,0.9996430187,1.000841035,0.9968546861,1.000898825,0.9998847738,0.9993318291,1.000223786,41200.96273,2222.346838,0.619558902,5.46,0.0012477384740158,0.0344
2023-12-11,0.9990584639,0.9988148654,0.9995065657,0.9977089531,1.001741084,0.9982537883,0.9979046187,1.003092236,41450.81939,2200.333716,0.6190431291,5.44,0.0012468827930174,0.0344
2023-12-12,1.00024508,1.000139235,1.000508111,0.9975868602,1.00278566,0.9983334728,0.999105638,1.001139837,42931.76183,2260.882353,0.6281203012,5.43,0.0012658227848101,0.0345
2023-12-13,1.000283898,1.00002544,1.000318007,0.9980410133,1.002118071,0.9982147956,0.998493845,1.001812475,43009.59546,2317.465074,0.6321984476,5.44,0.0012674271229404,0.0345
2023-12-14,1.00039237,0.9993225598,0.9999729581,1.000580801,0.9961629315,0.9970363102,0.9981638348,0.9986536381,41992.01419,2219.951618,0.6151885755,5.45,0.0012674271229404,0.0344666666666666
2023-12-15,0.9998418103,1.000893432,1.000871403,0.9975762129,0.9995913698,1.000232161,1.00057281,0.9985980961,42247.06788,2227.936447,0.6196883062,5.45,0.0012674271229404,0.0344333333333333
2023-12-16,0.9993377973,1.00014436,1.000500275,0.9959428049,1.000023155,0.9965946682,0.998710226,0.999079102,41410.81963,2199.540121,0.6100285894,5.46,0.0012674271229404,0.0344
2023-12-17,0.9997681788,1.000707702,1.000407211,0.9999539683,1.00014974,0.9997951892,0.9991546211,0.9994109093,42684.18255,2216.929014,0.6125333401,5.43,0.0012135922330097,0.0343
2023-12-18,0.9998574957,1.000241857,1.000475867,1.000542129,0.9990474328,0.9994459524,0.9995772345,0.9984442965,42250.20618,2176.839413,0.6047003387,5.44,0.0012135922330097,0.0343
2023-12-19,0.9999832391,1.000662291,1.000007346,0.9999954365,0.9997759017,1.000057111,0.9996477894,1.002323204,43634.12417,2198.421404,0.6166326095,5.42,0.0011086474501108,0.0343
2023-12-20,1.000105699,1.000839335,1.000497957,1.001029347,0.9976197206,0.9989880865,0.9994683123,1.000372844,43849.6996,2236.186962,0.623435497,5.44,0.0011044964048642,0.0341
2023-12-21,1.000716182,0.9992901437,1.00013645,1.000463813,0.9972894986,0.9978856818,0.9986709928,0.9965225307,44003.69602,2327.048963,0.6251276874,5.44,0.0011048301498303,0.0340666666666666
2023-12-22,1.000304751,0.9998245451,0.999769256,1.000207484,0.9989403711,0.997850902,0.998908717,0.9963161215,43752.03088,2310.955663,0.6197095434,5.44,0.0011051638947963,0.0340333333333333
2023-12-23,0.9996085586,1.000016752,0.9990546505,0.9969550436,0.9994935775,0.9987709491,0.9981108248,0.9981146515,43034.97106,2264.911144,0.6133475296,5.45,0.0011054976397625,0.034
2023-12-24,1.000226534,1.000235794,1.000511368,0.9982609191,0.9986887187,0.996194406,0.9990408819,0.9967274616,43638.2363,2273.632612,0.6470876014,5.45,0.0011060723371308,0.0341
2023-12-25,1.000441927,0.9998318152,1.000760181,1.000460385,0.9991171334,1.000550606,0.9992341457,1.000211492,42516.42694,2230.876184,0.6216348445,5.44,0.001131221719457,0.034
2023-12-26,1.000098329,1.000419521,0.9998082328,1.000816458,0.9993492562,0.9995084168,0.9988385531,0.9980003204,43418.46778,2376.771249,0.6350609198,5.45,0.0011165574301314,0.034
2023-12-27,1.000087664,0.9996965807,0.9985208569,0.9983752623,0.9983734929,0.9960552865,0.9979745201,0.9922747548,42600.65063,2345.260709,0.6346975137,5.4,0.0011350351293372,0.0339
2023-12-28,1.0002421,1.001603036,1.001001539,1.000915048,1.000234277,0.9992339253,0.9993543956,1.005670069,42074.70716,2299.526207,0.6230727904,5.42,0.0011350351293372,0.0338333333333333
2023-12-29,1.00023159,1.000669915,1.000249527,0.999453528,0.997995166,0.9971694199,0.9984669746,1.000116762,42220.6114,2294.344006,0.6217721668,5.43,0.0011350351293372,0.0337666666666666
2023-12-30,0.9994629774,1.000027003,0.9992620396,0.9966751721,0.995683224,0.998431403,0.9984176081,1.003676522,42208.20218,2279.941009,0.6135560601,5.44,0.0011350351293372,0.0337
2023-12-31,1.000909034,1.001899487,1.001261283,0.9992517902,1.000127627,0.9996600975,0.999666136,1.002620518,44168.68119,2350.026286,0.6296830385,5.46,0.001132502831257,0.0336
2024-01-01,1.002023686,1.002424452,1.002116909,0.9981814228,0.9967006738,0.999364156,1.000094378,0.9997493212,44994.67389,2360.78212,0.6278857938,5.48,0.0011224604332697,0.0335
2024-01-02,1.000924084,1.000055078,1.000430534,1.001026964,0.9993313992,0.9972946713,1.000313632,1.002452995,42821.55899,2211.170828,0.5824243596,5.48,0.0010971649258316,0.0335
2024-01-03,1.00081268,0.9991200558,0.9998655897,1.00105714,0.9984021128,0.9979185537,0.9992834481,1.002270323,44195.57856,2270.977439,0.5872262385,5.47,0.0010952902519167,0.0335
2024-01-04,1.000699902,1.000466478,1.000505123,1.001058442,0.9984686293,0.9984622744,0.9997594134,1.002641407,44113.69973,2267.087035,0.5758983864,5.48,0.0010952902519167,0.0334666666666666
2024-01-05,1.000542274,1.000284614,1.000698392,1.000579048,0.9984770254,0.9983707831,0.9999580896,1.005192147,43956.12072,2241.510827,0.5679216648,5.48,0.0010952902519167,0.0334333333333333
2024-01-06,1.001824496,1.001291621,1.002060854,1.000936021,0.999973266,0.9994109554,0.9969830389,1.002155614,43883.74388,2220.151562,0.5518039676,5.49,0.0010952902519167,0.0334
2024-01-07,1.000505964,1.000203368,0.9998664097,0.9966938862,0.997524273,0.9938207046,1.000706287,1.000650443,46936.18556,2331.660329,0.577396001,5.47,0.0010952902519167,0.0334
2024-01-08,1.000215492,1.000400882,0.9997251761,0.9958487611,0.9989202083,0.998379824,1.001061369,0.9967682052,46105.94608,2341.160624,0.5664177068,5.46,0.0010520889225557,0.0334
2024-01-09,1.000034328,1.000366143,1.00031988,0.9919465021,1.000653956,1.000210059,0.9996545183,1.001766175,46632.31315,2588.769164,0.6003499915,5.46,0.0010448774881145,0.0333
2024-01-10,0.9987798045,0.9987313078,0.9992790787,0.9977359583,1.001700848,0.9980969196,0.9984256548,1.001012764,46314.35554,2618.329862,0.6014826397,5.45,0.0010449320794148,0.0332
2024-01-11,1.00115019,1.000964363,1.002060354,0.9966744898,0.9982971704,1.001381852,1.000692709,1.002014042,42893.92961,2524.501694,0.5716934604,5.45,0.0010819822960365,0.0332
2024-01-12,1.000685405,1.000779267,1.000507861,0.9950457159,0.9991886049,0.9987373377,0.9999016354,0.9965899371,42848.47452,2575.924735,0.5747834912,5.45,0.0011190325126583,0.0332
2024-01-13,0.9960999129,1.00098045,1.000238418,0.9936442694,0.9989059391,0.9942034076,0.9948974526,0.9978852952,41800.93282,2477.937478,0.5757120993,5.45,0.0011560827292801,0.0332
2024-01-14,0.9998968671,1.000412774,1.000758219,0.9879892496,1.001141511,0.9996086919,1.000551993,1.006612452,42587.33604,2515.31998,0.576202703,5.45,0.0011726491316533,0.0331
2024-01-15,0.9998846483,1.000346096,0.9998900766,0.9887753749,0.9972239259,0.9960397501,0.9981451655,1.001900666,43148.00164,2589.482632,0.5758358445,5.47,0.0011655011655011,0.0331
2024-01-16,0.9995282599,1.000501472,1.000222511,0.985420219,0.9992853163,0.9981828695,0.9983214581,1.00119528,42713.85919,2528.328785,0.567900407,5.45,0.0011179179895362,0.0332
2024-01-17,0.9990130296,0.9997369392,1.000092953,0.9862999147,0.9978974129,0.9976857169,0.9983707105,1.002625987,41261.3948,2467.328979,0.5516545791,5.45,0.001123545009213,0.0331
2024-01-18,0.9993279554,1.000150056,0.9998423822,0.9856007324,0.9983833175,0.998818628,0.9986914298,1.003852185,41600.94093,2489.618065,0.5439861751,5.45,0.0011235576331724,0.0330666666666666
2024-01-19,0.9988153956,1.000672516,0.9988183016,0.9887382021,0.9990745652,0.9970755088,0.998709651,1.001396608,41626.10711,2470.263615,0.552715967,5.46,0.0011235702571318,0.0330333333333333
2024-01-20,0.9991022727,0.9999047473,1.000318383,0.9879661142,1.000281189,0.9987540504,0.9997612523,1.000799413,41541.89946,2454.909543,0.5467948941,5.46,0.0011235828810912,0.033
2024-01-21,0.9971600089,0.9996673248,0.9981481366,0.9805434128,0.9983001197,0.9944521237,0.9968546451,0.9985560235,39504.73006,2307.587003,0.5254414186,5.45,0.0010946188537151,0.033
2024-01-22,1.000572663,1.000736156,1.001796396,0.9863555054,1.000306406,1.00142087,1.000960487,1.002327158,39833.45411,2241.942776,0.5175697937,5.44,0.0011120130772737,0.0331
2024-01-23,0.9992369694,0.9992976912,1.000401503,0.9858171166,0.9985516613,0.9976745272,0.9989139233,1.002086991,40123.67106,2236.739313,0.5183638044,5.44,0.0011281715723327,0.033
2024-01-24,1.000111157,1.000129632,1.000979408,0.9831692484,0.9992077153,0.9977367926,0.9994397257,1.000392082,39938.28644,2219.614527,0.5137858881,5.44,0.0011133377866844,0.033
2024-01-25,0.9996696254,1.000045395,1.000369585,0.9904473143,0.9978677179,1.00007886,0.9995082508,0.9999601527,41862.93561,2268.870732,0.532112649,5.43,0.001116315683613,0.0329666666666666
2024-01-26,0.9998609505,1.000003742,0.9997236384,0.988776085,0.9982510645,1.00063767,0.998563416,0.999453531,42119.61049,2267.907852,0.5300126474,5.43,0.0011192935805417,0.0329333333333333
2024-01-27,0.9996846115,0.9991749072,1.00030654,0.9887138563,1.000154421,0.9984370347,0.9981570104,0.9989966819,42026.57856,2257.054465,0.5240514553,5.42,0.0011222714774704,0.0329
2024-01-28,0.9999445124,1.000216421,1.000121763,0.9896860199,0.9997883835,0.9971614443,1.000779019,0.9997302228,43267.60928,2314.594728,0.5352891122,5.42,0.0009090909090909,0.0329
2024-01-29,1.00073508,1.002002576,1.001359108,0.988625658,1.000364671,0.9985590781,0.9990534805,1.001359331,42892.03453,2344.0014,0.5109143796,5.42,0.0008389684044498,0.0329
2024-01-30,0.9990851477,0.9990084055,0.9994576418,0.9866321847,0.9971651042,0.9950320601,0.9981142484,0.996567024,42583.26355,2282.485867,0.502797087,5.42,0.0007372565210339,0.0329
2024-01-31,1.000004881,1.000605495,1.000254593,0.9876995235,0.998575443,0.9979237425,0.9993799641,1.000464739,43069.04342,2301.737299,0.5059532334,5.43,0.0007076539855072,0.0327
2024-02-01,0.9997553295,1.000263227,1.000450441,0.9876829356,0.999388065,0.9984654641,1.000058048,1.000881444,43170.65856,2307.432998,0.5100665859,5.43,0.0007065078015332,0.0327
2024-02-02,0.999990641,1.00031086,1.000129503,0.9879296524,1.000416638,0.9982680226,0.9999850566,0.9989109333,42976.8483,2294.715925,0.5190243989,5.42,0.0007053616175593,0.0327
2024-02-03,1.000018639,0.9999581938,1.00039491,0.9857931483,0.9969678867,0.9997957396,0.9996138323,0.9991406565,42599.35997,2290.084493,0.5033199226,5.42,0.0007042154335854,0.0327
2024-02-04,0.9988486065,0.9999715373,1.000448573,0.980823025,1.000687145,0.999150087,0.9999331868,1.00074711,42648.45692,2298.669907,0.5060746613,5.44,0.0007107320540156,0.0328
2024-02-05,0.9993406508,0.9999922409,0.9999701274,0.984750438,0.9987699337,0.9971820983,1.000279478,0.9989032679,43087.78741,2372.760879,0.5051095088,5.43,0.000705651563371,0.0327
2024-02-06,1.000403708,1.000887981,0.9999322433,0.9876760494,0.9992657999,0.9973488269,1.000332883,1.000388515,44247.41542,2424.07304,0.5133976906,5.44,0.0006924920017173,0.0326
2024-02-07,0.9999852527,0.9999779008,0.9996890555,0.9821893205,0.9988257466,0.9978901012,1.000341807,1.002085423,45338.27119,2420.968561,0.5140704971,5.44,0.0006786009961862,0.0325
2024-02-08,1.00033899,0.9998390431,0.9997451967,0.9852857933,0.9991047388,0.9976322071,0.9993252035,1.003154895,47143.24299,2487.850897,0.5256892872,5.44,0.0006746228863463,0.0325
2024-02-09,1.000081961,0.9999577862,0.9997631135,0.9836924079,0.9977292162,1.000817167,1.000407482,1.002593061,47768.99525,2499.492184,0.5238153826,5.43,0.0006706447765064,0.0325
2024-02-10,1.000470779,0.9990906502,1.000280164,0.9825069507,1.000598492,0.9986031351,0.9986933059,1.002023363,48189.88179,2505.076808,0.5258798759,5.43,0.0006666666666666,0.0325
2024-02-11,1.000721057,1.000624102,0.9997098337,0.9825060319,0.9993808089,1.000632572,1.000547456,1.004443109,50050.13609,2657.990408,0.5321642961,5.45,0.0006602446866808,0.0325
2024-02-12,1.000972941,1.00258942,1.001724368,0.9889188659,0.9996729603,0.9985476245,1.000497227,1.003195779,49732.14537,2641.536097,0.5250580324,5.43,0.0006602446866808,0.0325
2024-02-13,1.000091495,0.9986780256,0.9987759236,0.9881038188,0.9979535769,0.9971695195,0.998721317,1.001940545,51790.1693,2780.372975,0.5381650786,5.43,0.0006595435958316,0.0329
2024-02-14,1.001264997,0.9997313587,0.9996929888,0.9813873583,0.9973621123,0.9980347288,0.9995936952,1.002721719,51958.23029,2826.821476,0.5626708321,5.44,0.0006699135141653,0.0324
2024-02-15,1.001098972,0.9994420174,0.9995170267,0.978485743,0.9985244747,0.9969932114,0.9996309188,1.001942242,52166.43431,2807.371703,0.5651227438,5.44,0.0006699135141653,0.0324
2024-02-16,1.000606469,0.9995608885,0.9992012166,0.9746079683,0.9968398736,0.9968434295,0.9999587796,1.001753206,51684.51749,2788.561332,0.5499530072,5.44,0.0006699135141653,0.0324
2024-02-17,1.001025375,1.00042774,1.000565017,0.9800295353,1.00001118,1.000055992,1.000802921,1.00017904,52138.48579,2874.945276,0.5569989508,5.44,0.0006699135141653,0.0324
2024-02-18,0.9998723796,0.9991960771,0.9996163729,0.9759524148,0.9990030401,0.9980140872,0.9989645798,0.9995723896,51764.31319,2943.723085,0.5623610247,5.44,0.0006230529595015,0.0323
2024-02-19,1.000462274,0.9999174342,1.000864563,0.9769627653,0.999455317,0.9994569395,1.000866199,1.00131138,52286.79373,3015.438952,0.5632911735,5.44,0.0006230529595015,0.0322
2024-02-20,1.001104201,1.000162851,1.000851978,0.9775667027,0.9965330718,1.001254881,1.000387098,1.003335802,51842.75677,2977.082017,0.5494809982,5.45,0.0006718624025799,0.0322
2024-02-21,0.9997263112,0.999475916,1.000590806,0.9738990568,0.9996024824,0.9966154303,0.9998013057,1.003937643,51319.50013,2974.131586,0.541190408,5.46,0.0006718624025799,0.0321
2024-02-22,0.9997398042,0.9997005029,1.000018146,0.9740398032,0.9978149361,0.9976900839,0.9992491123,1.002637076,50841.08109,2926.285913,0.5348561202,5.46,0.0006692671908113,0.0321
2024-02-23,0.9994367735,0.9993926808,0.9993245954,0.9736911854,0.9985918791,0.9979968027,0.9989521874,1.001475687,51553.09671,2988.317384,0.5447789067,5.47,0.0006666719790427,0.0321
2024-02-24,0.9999903409,0.9998529555,0.9998492885,0.9747490381,0.9987892539,1.000236669,1.00067865,1.001866467,51751.88405,3113.408298,0.5426078982,5.47,0.0006640767672742,0.0321
2024-02-25,1.000174328,0.999622142,0.9991893791,0.9755629159,0.9981373248,0.9957607714,0.9989691952,1.002360424,54478.19108,3173.629947,0.5513003044,5.45,0.0006336814356686,0.032
2024-02-26,1.00046548,0.9998298381,1.000273545,0.9679243576,0.9987820232,0.9963516813,0.9993630251,1.001382124,57003.52674,3242.047654,0.5873753685,5.45,0.000613624927899,0.032
2024-02-27,0.998777127,1.000495184,1.000795141,0.9614880238,0.9989719036,0.9984018348,1.000199454,1.00158183,62558.58202,3380.803956,0.5765292216,5.45,0.0006186013423649,0.032
2024-02-28,0.9988416428,0.9984368193,0.9988556323,0.9983770952,0.9987460239,0.9952763303,0.9979043869,0.9996033191,61298.21686,3347.690472,0.5872867207,5.42,0.0006472491909385,0.0319
2024-02-29,1.000330858,0.9978162417,0.9985444992,0.9999924105,0.9952178563,0.9952487983,0.9985613222,0.9999143875,62426.64053,3431.751998,0.6016177949,5.44,0.0006474476676077,0.0318333333333333
2024-03-01,1.000752118,0.9999834043,1.000009905,1.000574092,0.9984014406,0.9947147924,0.9982499768,1.003017685,62067.8668,3421.892147,0.6435751496,5.46,0.0006476461442769,0.0317666666666666
2024-03-02,1.001444075,1.000958585,1.000692898,1.001752689,0.9990049474,0.9989259264,1.000868796,1.003384598,63053.10544,3487.190932,0.6266994909,5.48,0.0006478446209461,0.0317
2024-03-03,1.002433719,1.000145181,1.001411504,1.002688105,1.001318036,0.9980810859,1.001590143,1.004647943,68186.64593,3634.311068,0.6511778303,5.47,0.0006410215319132,0.0316
2024-03-04,1.001473814,1.002714536,1.00285046,1.003905255,1.002749229,1.000630977,1.00209898,0.9995220764,64291.53656,3581.534885,0.5952832703,5.47,0.0006288635806234,0.0315
2024-03-05,1.001472457,1.000267173,1.00048439,1.001427947,1.000921807,0.9973780188,1.000731331,1.001717745,66145.91928,3822.365818,0.6129159479,5.47,0.0006292711781214,0.0314
2024-03-06,1.000230413,0.9981066262,0.9987762671,1.000260421,0.9936187573,0.9914489904,1.003363526,1.006455806,66944.87639,3861.900999,0.6283801822,5.46,0.000627612436768,0.0313
2024-03-07,1.002569503,0.9994332968,1.000684772,1.003258577,0.999999143,0.9952357098,1.001736533,1.003767218,68315.25192,3893.613884,0.6214824363,5.47,0.0006236337415972,0.0312666666666666
2024-03-08,1.002180619,1.000073644,1.000320809,1.004340362,0.9998100654,0.9955562665,1.001763463,1.008111432,68508.00396,3916.041188,0.6225142291,5.47,0.0006196550464264,0.0312333333333333
2024-03-09,1.001519833,1.00151749,1.000918659,1.003329246,0.9997356012,0.9962048252,1.000386506,1.014048071,69075.66688,3887.473105,0.6085560455,5.48,0.0006156763512556,0.0312
2024-03-10,0.999979872,0.9996895112,0.9993823826,1.000477556,0.9987886449,0.9951194694,0.9994898914,1.018596119,72130.55301,4070.604075,0.7170492525,5.48,0.0006204320688927,0.0312
2024-03-11,0.9998749034,0.999782705,1.000857383,1.000708003,0.9996094247,0.9967913564,0.9991467045,1.018986898,71467.1735,3978.685771,0.6886932062,5.48,0.0006277818583598,0.0312
2024-03-12,1.000466601,0.999815599,1.000668646,1.001261042,0.9966950545,0.9937428115,0.9999775761,1.036082807,73097.76703,4007.912126,0.6896545612,5.48,0.0006287331027978,0.0311
2024-03-13,0.9991294912,0.9999813133,0.9991564751,0.9995936749,0.9975300622,0.9934006546,0.999165694,1.029449757,71420.0318,3879.038367,0.6691754077,5.48,0.0006212183333954,0.0311
2024-03-14,0.9990811613,0.9961729534,0.9990936664,0.9994310393,0.9967590879,0.9922867319,0.9982599413,1.021576911,69497.76319,3738.381184,0.6342637439,5.48,0.0006261883118983,0.0310333333333333
2024-03-15,0.9972592103,0.9984504271,0.9984746008,0.9972675731,1.000352416,0.9975303035,0.9972760281,1.002455621,65292.31329,3514.222472,0.6023073384,5.48,0.0006311582904012,0.0309666666666666
2024-03-16,0.99983038,0.9982777768,1.000592717,1.004010592,1.000113801,1.000882375,0.9998180383,1.008283538,68425.41566,3643.280347,0.6191470281,5.48,0.0006361282689041,0.0309
2024-03-17,0.9990962955,0.9984996052,0.9991002743,1.000249094,0.9991746208,0.9965006071,0.9990494943,0.9986742455,67708.94361,3525.893641,0.6539066224,5.48,0.0006773920406435,0.0309
2024-03-18,1.000072803,1.000525583,0.9977078291,1.005471475,1.000789165,0.9989477073,0.9991454528,0.9984360716,62132.51738,3171.293837,0.5852400045,5.47,0.0006405370262428,0.0311
2024-03-19,0.999600552,0.9981910141,1.000352619,1.005610884,1.000858994,0.9974552651,0.9990529913,1.004929283,67819.05571,3515.688432,0.6117015793,5.48,0.0007092500390087,0.0312
2024-03-20,1.000402296,0.9996492243,1.001109943,1.005040031,0.9999158829,0.9970914415,1.000230803,1.002686152,65535.97845,3493.430439,0.6413290563,5.46,0.0006906602020871,0.0312
2024-03-21,1.00052273,1.000646108,1.000441174,1.00764413,0.9998969448,0.9977301278,0.9991965433,0.9994017212,63509.04497,3322.891277,0.610573457,5.46,0.0006906602020871,0.0311666666666666
2024-03-22,0.9990777107,0.9984704114,0.9990664661,1.006731014,0.999609531,0.9962228034,0.9976979947,0.9969523376,64285.80279,3353.371242,0.6181207995,5.46,0.0006906602020871,0.0311333333333333
2024-03-23,1.00032954,0.9979632803,0.9999453523,1.027338377,0.9987541334,0.9969961966,0.9989563133,0.9987379087,67310.98327,3454.257071,0.6337118239,5.46,0.0006906602020871,0.0311
2024-03-24,0.9999592905,0.9995743028,1.000578791,1.019422137,1.0005668,0.9975546149,0.9998552606,0.9991004712,69938.9453,3588.493402,0.6400376129,5.46,0.0007122507122507,0.0311
2024-03-25,1.001435218,1.000016592,0.9999675459,1.019891965,0.9972723784,0.9960100228,1.000575667,1.00128558,70082.05122,3591.548528,0.6328659195,5.45,0.0007066488591154,0.0309
2024-03-26,1.001539465,1.002739712,1.002630143,1.004428406,0.9987022872,1.00093873,0.9974907877,1.002212835,69435.7504,3505.218116,0.6123016662,5.46,0.0007066488591154,0.0309
2024-03-27,0.9994312343,0.9997076557,0.9990718249,1.000448987,0.9991523586,0.9968685106,0.9977414009,0.997870912,70710.19535,3560.261511,0.6240807291,5.46,0.0007674597083653,0.0308
2024-03-28,1.000176719,0.9997682653,0.9998857913,1.000696633,0.9993745492,0.9975556553,0.9990071474,1.001827037,69919.05546,3516.096058,0.6305848703,5.45,0.0007673929730798,0.0308666666666666
2024-03-29,1.000579515,0.9998212181,1.000260862,1.001142408,0.9989911818,0.9966393397,0.9989106653,1.005462923,69702.30875,3507.660656,0.6210104087,5.44,0.0007673262377943,0.0309333333333333
2024-03-30,1.000047817,0.9989226515,0.9998785323,1.00001259,1.0000162,0.9975619132,0.9988911653,1.008660031,71246.95144,3644.767599,0.6289626324,5.44,0.0007672595025089,0.031
2024-03-31,1.000221738,0.9998171168,0.9996058888,0.999393875,1.000489109,0.9958989606,0.9994273245,0.9994618999,69785.92504,3508.24772,0.6121526998,5.42,0.00078125,0.0312
2024-04-01,1.000566241,0.999353442,0.9993357133,0.9962498946,0.9969819653,0.9952046866,0.998988035,1.001353227,65440.41923,3274.901204,0.5852372065,5.42,0.0007407407407407,0.0313
2024-04-02,1.000073044,0.9996039164,0.9997542197,1.000230638,0.9989991143,0.9964262314,0.9998145868,0.9983889681,66123.93854,3316.682955,0.5753905055,5.41,0.0007407407407407,0.0313
2024-04-03,1.000510589,1.000863322,1.001005988,1.001093289,1.001546404,0.9979735579,0.9985452123,1.009851229,68542.17715,3332.089837,0.5934624402,5.43,0.0008035355564483,0.0312
2024-04-04,1.000411356,1.000200631,0.9988939921,1.001179956,0.9989958104,0.996420093,0.9989391677,1.004096825,67978.61023,3320.281589,0.5880582489,5.43,0.0008066930809926,0.0312
2024-04-05,0.9988353706,0.9982852956,0.9979720314,0.9993210363,0.9987501008,0.9944746192,1.000189299,1.004835778,69000.64992,3362.838908,0.5933991808,5.43,0.0008098506055369,0.0312
2024-04-06,0.9999779165,0.9990585635,0.9998282684,1.00038562,0.9988727367,0.9966491791,1.000820042,1.003515312,69401.97361,3453.436126,0.5946706032,5.43,0.0008130081300813,0.0312
2024-04-07,1.000036913,0.9988772739,0.999482103,0.9997787813,0.9984362773,0.9964513951,0.9986153325,1.001793287,71624.18486,3695.239391,0.6155434564,5.43,0.0008024587335596,0.0308
2024-04-08,0.9997380663,0.99952078,1.000834497,1.000036108,0.9988583167,0.9969328894,1.000117238,1.000583742,69158.64381,3503.6536,0.6136939378,5.45,0.0008130081300813,0.0309
2024-04-09,1.000053841,0.9990947839,0.9995698086,1.000212956,0.9986569267,0.9961587241,1.000128311,1.001470311,70527.88998,3539.763064,0.6173727497,5.45,0.0008024587335596,0.0309
2024-04-10,1.00018954,1.000337064,1.000958422,1.000915957,0.999565988,0.9975228727,0.9999127257,1.004088073,70106.66413,3508.578498,0.608853507,5.45,0.0008695652173913,0.0309
2024-04-11,1.000495228,1.010606995,1.001301538,1.000325071,0.9997170531,0.9986245417,1.00034695,0.9989979056,67252.10504,3245.500593,0.5484622507,5.45,0.0008695652173913,0.0308666666666666
2024-04-12,1.000199446,0.9997042109,0.9989590434,0.9992721556,0.9938850521,0.9967906819,1.0018424,0.9979829595,64404.82549,3022.005785,0.480867,5.45,0.0008695652173913,0.0308333333333333
2024-04-13,1.001265685,1.001817071,1.000375522,0.9998032275,0.999584929,0.9992417828,1.000047768,1.003007841,65752.66005,3157.683766,0.5051394506,5.45,0.0008695652173913,0.0308
2024-04-14,0.9998635661,1.000281934,1.000700557,0.998589211,0.9991165306,0.9991308286,0.9989224978,0.9998409442,63430.57146,3101.190736,0.4974557876,5.45,0.0008787346221441,0.0307
2024-04-15,0.9998184896,1.000117238,0.9997843112,0.9992263987,0.9989229885,0.9983339457,1.00022626,0.9968847676,63720.50159,3083.706015,0.4964339164,5.45,0.0008615416426152,0.0309
2024-04-16,0.9998769302,1.000945915,1.000044611,0.9988413679,1.000303643,0.9985261999,0.9994370834,0.9966025862,61328.89799,2982.615735,0.4947978579,5.46,0.0008714369123247,0.0307
2024-04-17,1.00021706,1.001329803,0.9998295543,1.000377229,1.000499548,0.9988057771,0.9997895974,1.00109204,63461.5927,3064.911592,0.5026301963,5.45,0.0009980039920159,0.0308
2024-04-18,1.000263274,1.00252559,1.000752988,1.002943549,0.9987462782,0.9989902161,1.002006167,1.001460735,63988.81847,3065.682562,0.5043368865,5.44,0.0009363387047043,0.0307666666666666
2024-04-19,1.000439659,1.003382877,0.9998126533,1.001304907,0.999955301,0.9986579673,0.9997742931,1.000087852,64894.41869,3152.191507,0.52864892,5.43,0.0008746734173928,0.0307333333333333
2024-04-20,0.9999542384,1.002408187,0.9997240622,0.9997779844,1.000304132,0.9978308734,0.9998060103,1.000657258,64936.42076,3147.137754,0.5242693711,5.42,0.0008130081300813,0.0307
2024-04-21,0.9999563464,1.001013166,0.9997237362,1.001565159,0.9967622118,0.9988567421,0.9996468021,0.9997072883,66841.66685,3199.76959,0.55608036,5.45,0.0008130081300813,0.0306
2024-04-22,1.000240897,1.003126971,1.000067716,1.002840651,0.992288459,0.9983795327,0.9999166684,1.001263262,66406.95244,3218.967269,0.5453395286,5.46,0.0007993285640062,0.0307
2024-04-23,0.9997184664,1.00350011,1.000576595,1.00049424,0.9997816138,0.9985766498,0.9996246355,1.002942372,64279.51813,3138.814357,0.5271463755,5.47,0.0007830669600557,0.0308
2024-04-24,0.9998213506,1.003059679,0.9999477833,0.9998844369,0.9990203629,0.9981292028,0.9998649597,0.9994122585,64486.18336,3157.619317,0.5254278109,5.46,0.0007521964135275,0.0307
2024-04-25,0.9996957337,1.005115023,0.9999688069,1.000206709,0.9995187837,0.9985841244,0.9995109924,1.001497379,63802.33005,3131.41922,0.525941526,5.46,0.0007474667357096,0.0307
2024-04-26,0.9996294508,1.002877972,1.000323678,1.000391607,0.9998225527,0.9987345017,0.9994737001,1.003408751,63517.24874,3259.252223,0.5185389193,5.45,0.0007427370578916,0.0307
2024-04-27,0.9998807866,1.001265561,1.000027208,0.9991628546,0.9999891424,0.9986702305,0.9992962237,0.9976335274,63030.43362,3259.503404,0.510010494,5.45,0.0007380073800738,0.0307
2024-04-28,0.9993436819,1.000052866,0.9994803709,0.9986293363,0.9987511324,0.9983951227,0.9988562713,1.000683476,63797.67964,3213.689,0.5148709147,5.46,0.0007199424046076,0.0309
2024-04-29,0.998693879,0.9995772833,1.000021647,0.9997388226,1.001080781,0.9990000944,1.000019647,0.9991563532,60749.47209,3018.549636,0.5001775403,5.46,0.0007199424046076,0.0308
2024-04-30,0.9987498795,0.999742563,0.9995970736,0.9983853938,0.9990797163,0.9962181939,0.9990233526,0.9996270947,58297.57408,2976.090208,0.5160164931,5.46,0.0007407956144899,0.0309
2024-05-01,0.999972455,1.001051523,0.9999880405,0.9992604613,0.9990555013,0.9986461454,0.9994931585,0.9998922273,59135.17336,2988.548649,0.5183776413,5.45,0.0007233273056057,0.0309
2024-05-02,0.9999507279,1.002818337,0.9995146275,0.9988011226,0.9986745696,0.9968965207,0.9989700767,0.9975682741,62839.34074,3102.151292,0.5315301341,5.45,0.0007230659879375,0.0309333333333333
2024-05-03,1.000141652,1.00137477,0.9996843703,1.000582915,0.9989132129,0.9983463977,0.9995846104,0.9979079427,63820.4519,3115.023322,0.5300105608,5.45,0.0007228046702693,0.0309666666666666
2024-05-04,0.9995723092,1.001882372,1.000104552,0.999885903,0.9984937229,0.9985383476,0.9997369151,1.001365868,64010.00865,3136.57511,0.5294979421,5.45,0.0007225433526011,0.031
2024-05-05,0.9998138378,1.000545155,0.9997641074,0.9993353421,0.9992981677,0.998333546,0.999054918,1.001908368,63172.4813,3064.5914,0.5404023688,5.45,0.0007225433526011,0.031
2024-05-06,1.00017197,1.000347916,0.9996620071,0.9985257568,0.9979153109,0.9975602197,0.9990538683,0.9970270334,62363.05719,3015.15977,0.5246883755,5.45,0.0007118451025056,0.031
2024-05-07,0.9998603042,1.001681063,1.000396401,1.000083256,1.000255153,0.9997961774,0.9998994912,1.000747631,61215.50401,2975.726966,0.5178240894,5.46,0.0007044585179601,0.031
2024-05-08,1.000258798,1.00044239,1.000965947,1.000650948,1.000224248,0.9996872065,0.9993202129,1.003294388,63148.59994,3038.344705,0.521111843,5.47,0.0006945409084595,0.0309
2024-05-09,0.999834139,1.000219969,0.9999613046,0.999721811,0.9989052526,0.9982271722,0.9995033845,1.00078883,60888.21675,2910.6845,0.5022257972,5.46,0.0006977855886196,0.0309333333333333
2024-05-10,0.999642587,1.000133732,0.9999009831,0.9987089984,0.9990839288,0.9976784333,0.9991939579,0.9978525061,60776.97208,2908.982785,0.5054656906,5.46,0.0007010302687798,0.0309666666666666
2024-05-11,0.9992802661,0.9999625317,1.000153174,0.999466924,0.998823228,0.9873553939,0.9988344559,1.00125938,61507.054,2931.310667,0.4996390154,5.45,0.00070427494894,0.031
2024-05-12,1.000069033,1.000957468,1.000133168,0.9993969597,0.999289555,0.9983918549,1.000225016,0.9958980726,62878.7833,2948.303455,0.5045344062,5.44,0.000667556742323,0.031
2024-05-13,0.9994961955,1.000559538,0.9999769502,0.9992437675,0.9971958516,0.9980265411,0.9991602386,1.005604605,61569.11301,2881.795992,0.4997026719,5.45,0.0006583278472679,0.0311
2024-05-14,0.9995957393,0.9992023539,0.9995972442,0.9994303473,0.9986562547,0.9980870374,0.9991229678,0.9999973579,66220.51831,3035.758955,0.5185941503,5.45,0.0006578947368421,0.031
2024-05-15,0.999918654,1.000049786,0.9997059265,1.000532412,0.9975579174,0.9979906461,0.9995560963,0.9995249507,65260.8798,2943.585128,0.5157962415,5.46,0.0006816632583503,0.0311
2024-05-16,1.001108174,1.001872062,1.000915468,1.001046507,1.001221079,0.9981229835,1.000457568,1.004016068,67053.12327,3095.996844,0.5242031832,5.46,0.0006723284573813,0.0310666666666666
2024-05-17,0.999661625,1.000072772,0.9992520821,1.000099196,0.9996081223,0.9971236009,1.000655303,0.9974950702,66912.61861,3120.549378,0.5208113212,5.45,0.0006629936564123,0.0310333333333333
2024-05-18,0.9999453832,1.001388419,0.9999697955,1.001209473,0.9996826631,0.9979836055,0.9993669309,0.9980804907,66252.7126,3071.324418,0.5096939962,5.45,0.0006536588554433,0.031
2024-05-19,1.000301516,1.001052143,1.000166605,1.002240893,0.9994346166,0.9984730155,1.000159818,1.000614709,71430.297,3656.39009,0.5372648118,5.45,0.0007067137809187,0.031
2024-05-20,0.9988873695,0.9998146444,0.9997352955,0.999038996,0.9987190237,0.9960018691,1.000008408,1.007605735,70189.83582,3792.48622,0.5370022098,5.45,0.0006944444444444,0.031
2024-05-21,0.9997776261,1.001796959,1.000244368,0.9998298776,0.9996789006,0.9995234735,1.000881418,1.002313785,69181.20086,3741.897741,0.5265438211,5.46,0.0006816632583503,0.031
2024-05-22,0.9998647123,1.001523126,1.0004499,0.9999629662,1.002250741,0.9992566419,1.000748881,1.003453621,67906.46534,3766.398091,0.5290688231,5.46,0.0006784260515603,0.031
2024-05-23,0.9995335616,1.00095753,0.9997866334,0.9983374697,0.998478436,0.997424159,0.9998317678,0.9998711885,68539.91647,3727.065982,0.5350915041,5.46,0.0006784260515603,0.0310333333333333
2024-05-24,0.9998771329,1.000754758,1.000047694,0.9998237125,0.9989649851,0.998317306,1.000150729,1.00168893,69268.44559,3750.077159,0.5414632771,5.46,0.0006784260515603,0.0310666666666666
2024-05-25,0.9997678096,1.000639725,1.000200545,0.9998833786,0.9988193586,0.9987956117,0.9999748789,0.9980881563,68508.83111,3825.277958,0.5282323955,5.46,0.0006784260515603,0.0311
2024-05-26,0.9992578795,1.000434547,1.000175974,0.9994644065,0.9969690808,0.998851508,0.9998029537,0.998577989,69367.23872,3893.392106,0.5339956569,5.46,0.0007686395080707,0.031
2024-05-27,0.9988491163,0.9995434786,0.9997798026,0.9977768314,1.000561433,0.9974596575,0.9991002441,1.006231776,68316.63588,3840.68886,0.5280899271,5.46,0.0007575757575757,0.031
2024-05-28,0.9989229073,0.9999268962,0.9999540243,0.9979768383,0.9995476288,0.9972918355,0.9995499917,0.9981725977,67577.26559,3765.302557,0.5230226029,5.46,0.00083605049745,0.031
2024-05-29,0.9995210338,1.000635175,1.000025295,0.9994494565,0.9994945725,0.9973736698,1.000224602,1.003519908,68372.49288,3748.639152,0.5189280098,5.46,0.0006738544474393,0.031
2024-05-30,0.9992101885,1.000634168,1.000072759,0.9993130087,1.000097942,0.9980470467,0.9999792521,1.00182829,67474.95484,3761.069246,0.5180167946,5.48,0.0006741575758457,0.0310333333333333
2024-05-31,0.9993768891,0.9999977925,1.00007521,0.9985757268,0.9994165138,0.9977645887,0.9999601575,0.9950603388,67704.32642,3813.452442,0.5180393786,5.5,0.0006744607042521,0.0310666666666666
2024-06-01,0.9993446238,0.9996896557,0.9996041623,0.9986184862,0.9984108616,0.9976371908,0.9991948699,1.001219852,67740.0169,3780.711985,0.5131175399,5.52,0.0006747638326585,0.0311
2024-06-02,0.9998835954,1.000286283,1.000167722,0.999139759,1.00035377,0.9977399836,1.00009448,0.9998699046,68808.29369,3766.63765,0.5200612532,5.52,0.0006666666666666,0.0307
2024-06-03,1.000156641,1.001899288,1.000233039,1.000056251,1.000259831,0.9979551512,1.000542649,0.997687462,70600.01117,3814.93203,0.5258777584,5.51,0.0006666666666666,0.031
2024-06-04,1.000755612,1.003500845,1.0003223,0.9998488682,1.000303768,0.997005087,1.000306394,1.002055787,71184.59943,3871.082091,0.5262661213,5.51,0.0006666666666666,0.031
2024-06-05,0.9995558016,1.000225294,0.9999327631,0.9989892654,0.9991329672,0.9977452455,1.000706084,1.00113492,70759.58819,3812.701857,0.5216726475,5.52,0.0006896551724137,0.0309
2024-06-06,0.9995937425,1.000257416,0.9999853411,0.9991443299,0.9995810543,0.9980175786,0.9999522926,0.9978520781,69325.36239,3679.376652,0.4988605379,5.52,0.0006805206668188,0.0309
2024-06-07,0.9999383224,1.000356506,1.000012052,0.9999671965,0.9992448697,0.9977720214,0.9995826613,0.9993466593,69315.10412,3683.02538,0.4931732646,5.52,0.0006713861612239,0.0309
2024-06-08,1.000065567,1.000448305,1.000073552,0.9993942674,0.9996178524,0.9976416287,0.9993741594,1.000507782,69654.16074,3705.899884,0.4985482969,5.52,0.0006622516556291,0.0309
2024-06-09,0.9997216337,1.000399287,1.000226824,0.9991067773,1.000555501,0.9979127927,0.9997916398,1.000836778,69493.17761,3666.827665,0.4967328311,5.52,0.000655737704918,0.0309
2024-06-10,0.9997068484,1.000390278,0.9998926789,0.9977897679,0.999871522,0.997331755,1.000939243,0.993941887,67329.15233,3498.555954,0.4802545558,5.51,0.000655737704918,0.0309
2024-06-11,0.9996372501,1.000419113,0.999927297,0.9983209909,0.9998829018,0.9978566657,1.000468558,0.9921751567,68224.51968,3559.447534,0.4914241629,5.51,0.000655737704918,0.0309
2024-06-12,0.9990786379,0.999323687,0.9991055709,0.997011479,1.00023869,0.9970898259,1.000063838,0.977816126,66700.31697,3465.316584,0.476517078,5.51,0.0006644518272425,0.0305
2024-06-13,0.9993666468,0.9998924916,0.9999046452,0.9975334251,0.9993816536,0.9976846199,1.000724038,0.992660557,66011.07874,3478.774835,0.4741099103,5.51,0.000667943812404,0.0305
2024-06-14,0.9993716108,0.9996981773,1.000008835,0.9968405581,1.000257429,0.9974026285,0.9993690262,0.9933677937,66190.48749,3565.123259,0.4906270007,5.52,0.0006714357975656,0.0305
2024-06-15,0.9992633871,1.000086102,0.999801907,0.9969208631,0.999837992,0.9970484906,0.9979239564,0.9817329553,66615.53782,3618.508653,0.4885851148,5.52,0.0006749277827272,0.0305
2024-06-16,0.9996302782,1.000763111,1.000288964,0.9974666331,1.000492322,0.9980388041,0.9988906764,0.9831623411,66460.38898,3510.358694,0.5044345045,5.5,0.0006688963210702,0.0307
2024-06-17,0.9999173022,1.000603286,1.000378864,0.9965882378,0.9998637996,0.9979778878,0.999291946,0.9997219683,65109.31481,3480.471338,0.4906901881,5.5,0.0006688963210702,0.0307
2024-06-18,0.9999378887,1.000499131,1.000240155,0.9959071217,1.000099487,0.9980069542,0.9992788633,0.9735356079,64907.07461,3555.96584,0.492996348,5.5,0.0006688963210702,0.0305
2024-06-19,0.9990504258,0.9996110058,0.9994757338,0.9974294797,0.9995019451,0.9967372963,0.9992560814,0.9460375377,64844.67442,3511.284828,0.488590958,5.49,0.0006600660066006,0.0304
2024-06-20,0.9995552221,1.000184445,1.000028945,0.9981149262,0.9995292081,0.9976793727,0.9993139101,0.9345481099,64071.62428,3516.88098,0.488644185,5.49,0.0006600660066006,0.0303666666666666
2024-06-21,0.9995055976,1.000270817,0.9999065907,0.9982555019,0.9998068596,0.9973839331,0.9988016251,0.9678178246,64239.90349,3494.798562,0.4862725921,5.5,0.0006600660066006,0.0303333333333333
2024-06-22,0.9989494997,1.000179747,0.9993831752,0.9975761254,0.9992366116,0.9951443409,0.9988005966,0.9403063016,63221.35738,3417.797137,0.478959493,5.5,0.0006600660066006,0.0303
2024-06-23,0.9998285678,1.000632054,1.000351106,0.9984866702,1.000033264,0.9974535812,0.9996344637,0.9997120625,60363.23498,3357.10064,0.4743096434,5.49,0.000655737704918,0.0303
2024-06-24,0.9999185844,1.000443258,1.000294809,0.9991700242,1.000024723,0.9973957553,1.000440191,1.000802376,61770.41387,3395.304687,0.4755267621,5.5,0.000655737704918,0.0304
2024-06-25,0.9991778997,0.9995465489,0.9997564041,0.9976639211,0.998684017,0.9961449069,0.9992204712,0.9994346383,60749.89619,3365.94467,0.4694182742,5.49,0.000655737704918,0.0304
2024-06-26,0.9987273289,1.000128687,0.9998441729,0.9973555745,0.999409429,0.996627066,1.000138856,0.9968435906,61562.64533,3442.910158,0.4745689975,5.48,0.000655737704918,0.0305
2024-06-27,0.9981307322,0.9999565604,0.9998633594,0.9972590673,0.9992261896,0.9967053679,0.9992709402,1.000307618,60317.09698,3374.60513,0.4707581191,5.48,0.000655737704918,0.0305333333333333
2024-06-28,0.9983660864,0.9997602045,0.9996667615,0.9971261293,0.999614649,0.9966562806,0.9991508645,0.99784496,60864.44316,3371.278228,0.4716715445,5.47,0.000655737704918,0.0305666666666666
2024-06-29,0.9985060906,1.000485738,1.000064702,0.9974851797,0.9996036252,0.9971200464,0.9996321561,0.9987641327,62734.39384,3435.318328,0.4754467509,5.47,0.000655737704918,0.0306
2024-06-30,0.9990317919,1.00279206,0.9998507188,0.9983273669,0.9993448361,0.9964107525,0.9993578369,0.9986101031,62819.82227,3438.009079,0.476417897,5.47,0.0006514657980456,0.0307
2024-07-01,0.9986670243,1.002602008,1.000051911,0.9973299078,1.000134935,0.9967092387,0.999931909,0.9981232139,62042.56504,3417.898426,0.4844080973,5.47,0.0006514657980456,0.0307
2024-07-02,0.9991387521,1.000677174,1.000191313,0.9978820982,1.000162308,0.9971384436,1.001251627,0.9990821923,60244.68076,3295.808464,0.4668312883,5.46,0.0006514657980456,0.0307
2024-07-03,0.9991557713,1.002962319,1.000155864,0.9992190862,1.00172829,0.9957881058,0.9999181389,0.978878114,57189.17412,3069.043401,0.433716365,5.46,0.0006514657980456,0.0306
2024-07-04,1.000363601,1.000897773,1.000218216,0.9987059577,0.9991066293,0.9978850008,0.9992017991,0.9851010212,56739.86285,2984.398102,0.425391421,5.46,0.0006514657980456,0.0306
2024-07-05,1.000527073,1.001228243,1.000223136,1.000032464,1.000436055,0.9980998241,0.999505559,1.00622332,58230.48415,3066.247438,0.448870658,5.46,0.0006514657980456,0.0306
2024-07-06,0.999858923,1.000374432,0.9992632457,0.9964593904,0.9989786007,0.9965372857,0.9996420088,0.9865338646,55880.37538,2928.601231,0.4191789179,5.46,0.0006514657980456,0.0306
2024-07-07,0.9997615658,1.000002878,0.9998164529,0.9981953046,0.9983834076,0.9973517617,0.9998739916,0.9984211677,56665.14073,3016.083354,0.4314648923,5.46,0.0006514657980456,0.0303
2024-07-08,0.9996032442,1.0003719,0.9997244322,0.9989113437,0.9992414073,0.9968949582,0.9990852849,0.9942931585,57988.30351,3064.092361,0.4357682636,5.46,0.00062893081761,0.0304
2024-07-09,0.9996552421,0.9996785601,0.9997602657,0.9983712314,0.9995036202,0.9970341861,0.9992181406,0.9960998714,57704.20228,3099.710186,0.4388832026,5.44,0.000625,0.0304
2024-07-10,1.000326725,1.000382973,1.000682524,0.9996088407,0.9998704543,0.9978808771,0.9995997753,0.9999867622,57388.19248,3102.09023,0.4493147618,5.43,0.000625,0.0303
2024-07-11,1.000096359,1.000366064,1.000127178,0.9991953894,1.000195954,0.9971438819,0.9997346647,1.006491376,57899.28896,3132.980839,0.4750036659,5.43,0.000625,0.0303
2024-07-12,0.9997684745,0.9995166652,0.9995459387,0.9964353801,1.000134607,0.994819219,0.9986614077,1.011285861,59152.71914,3173.504234,0.5268395194,5.43,0.000625,0.0303
2024-07-13,0.9999001981,0.9995612489,0.9996649425,0.9971341713,0.998650681,0.9966440339,0.9993454745,0.9964888984,60942.32774,3252.654185,0.523429203,5.43,0.000625,0.0303
2024-07-14,1.00094232,1.001553745,1.000522618,1.00091201,1.000933877,0.9982863936,1.000686924,1.032562505,64835.48973,3488.538758,0.5376616454,5.43,0.0006269592476489,0.0303
2024-07-15,1.000603199,0.9997047372,1.000066008,0.9994378981,0.9993546167,0.9968376495,0.9996384671,0.9989939991,65162.23625,3446.765889,0.5787634815,5.43,0.0006269592476489,0.0302
2024-07-16,0.9998418456,0.9997679411,0.9992066183,0.9979263036,0.9983440244,0.9960323115,0.9991346261,0.9777958108,64136.31384,3389.441287,0.6273851565,5.43,0.0006172839506172,0.0302
2024-07-17,0.9994782714,0.9998384729,0.9997807743,0.999124174,0.9989805733,0.9970335027,0.9989468336,0.9409999121,63959.56901,3428.552019,0.5692287515,5.43,0.0006153846153846,0.0302
2024-07-18,1.000446689,1.000878408,0.9998288086,1.000594505,0.9998835645,0.997053288,0.9994885676,0.9870288886,66689.54881,3505.222536,0.5741558233,5.43,0.0006153846153846,0.0302666666666666
2024-07-19,1.000364229,1.00034966,1.000019331,1.000292372,1.00010746,0.996754708,0.9999018943,0.9958948117,67206.06471,3522.801303,0.5950299339,5.43,0.0006153846153846,0.0303333333333333
2024-07-20,1.000670609,1.001585625,1.000792829,1.001580167,0.9992235008,0.9971430305,1.00004869,1.003068464,68088.13996,3533.11835,0.5980160389,5.43,0.0006153846153846,0.0304
2024-07-21,1.000464964,0.99999659,1.000048487,1.001317499,0.9992180001,0.9977511916,0.999452612,1.000680952,67607.7134,3443.073351,0.6074321976,5.41,0.0006153846153846,0.0304
2024-07-22,1.000152791,0.9998388112,0.9999775978,0.9994094984,0.9993702249,0.9965387101,0.9993884379,1.000757495,65942.41747,3482.983771,0.5981912826,5.4,0.0006172839506172,0.0304
2024-07-23,1.0000473,0.9997489147,1.000242501,1.000598582,1.000034618,0.9971410766,0.999548874,0.9783224342,65403.53513,3336.380253,0.6185453553,5.39,0.0006172839506172,0.0303
2024-07-24,0.9998243303,1.000375586,1.000311734,1.000200856,1.001345322,0.9972051061,0.9997666011,0.9994946213,65749.96362,3173.763398,0.5997679317,5.38,0.0006172839506172,0.0303
2024-07-25,1.000148108,1.000399634,1.00024007,1.000532047,1.00008707,0.997501206,1.000028522,0.9960571789,67920.29649,3278.186958,0.6038043973,5.39,0.0006172839506172,0.0302666666666666
2024-07-26,1.00002265,1.00011966,0.9998183124,0.9997738541,1.000204014,0.9960155503,0.9992174603,0.9936874063,68055.40839,3254.611673,0.5977718577,5.4,0.0006172839506172,0.0302333333333333
2024-07-27,1.000165278,1.000324469,1.000205697,1.00024356,1.001327318,0.9969291189,1.00074517,0.994455037,68242.24744,3272.850131,0.6021780817,5.41,0.0006172839506172,0.0302
2024-07-28,1.000052363,0.9984614174,0.9989702579,0.9997794133,1.000630238,0.9961762001,1.000524664,0.9968806941,66770.32092,3316.942189,0.6013541875,5.4,0.0006024096385542,0.0302
2024-07-29,0.9996921913,1.001119395,1.000006679,0.9998551276,1.001579956,0.9962946774,0.99902636,0.9806173056,66219.05102,3276.98178,0.6273317029,5.41,0.0006024096385542,0.0302
2024-07-30,0.9999272044,1.002648395,1.000212773,0.9997426096,0.9991372831,0.9966117908,1.000463965,0.9885390945,64679.77865,3233.076805,0.6241359484,5.37,0.0006024096385542,0.0302
2024-07-31,0.9992069326,1.000461898,1.000213132,0.99923757,1.001961123,0.9972617173,1.00000548,0.9933659947,65357.52961,3204.246524,0.5964948653,5.29,0.000632911392405,0.0301
2024-08-01,0.9986497455,1.000286624,0.9996822537,0.9974373421,1.000348199,0.9950950747,0.9995108115,0.9970470755,61407.29547,2983.300977,0.5608211563,5.31,0.000632911392405,0.0300333333333333
2024-08-02,0.999528942,1.001306202,1.000315081,0.9986874712,0.9993205352,0.9969164815,1.000089437,0.992131827,60738.74493,2906.715024,0.5561223751,5.33,0.000632911392405,0.0299666666666666
2024-08-03,0.9983319964,0.9994275287,0.9974063695,0.9966539518,0.9998278489,0.9958543339,0.9982259378,0.9955571953,58006.20659,2682.437393,0.523000237,5.35,0.000632911392405,0.0299
2024-08-04,0.9983384299,0.9994749391,0.9981750485,0.9957202078,1.001210807,0.9926906512,0.9971588235,0.9917013826,53956.26184,2415.631139,0.490257398,5.34,0.000632911392405,0.0297
2024-08-05,0.9997954811,1.001526547,0.9996300991,0.9990651809,0.9998205802,0.9966013307,0.999480551,1.000359056,55959.84107,2455.511377,0.5045865751,5.34,0.0006323310885579,0.0298
2024-08-06,0.9999781394,1.001405088,0.9999168928,0.9992940453,0.9997080254,0.9960228446,0.9994537526,0.9991161147,55099.95181,2341.590346,0.6047117741,5.34,0.0006250039062744,0.0298
2024-08-07,1.000934849,1.003126405,1.000704105,0.9992480616,0.9999200278,0.9954629107,0.9998185195,0.9996818113,61859.0316,2685.012751,0.6180253163,5.34,0.0006172839506172,0.0299
