Date,usdt,usdp,usdc,tusd,gusd,frax,dai,busd,bit,eth,xrp,NGN,Lira
2023-08-07,,,,,,,,,,,,,
2023-08-08,,,,,,,,,,,,,
2023-08-09,,,,,,,,,,,,,
2023-08-10,,,,,,,,,,,,,
2023-08-11,,,,,,,,,,,,,
2023-08-12,,,,,,,,,,,,,
2023-08-13,,,,,,,,,,,,,
2023-08-14,,,,,,,,,,,,,
2023-08-15,,,,,,,,,,,,,
2023-08-16,,,,,,,,,,,,,
2023-08-17,,,,,,,,,,,,,
2023-08-18,,,,,,,,,,,,,
2023-08-19,,,,,,,,,,,,,
2023-08-20,,,,,,,,,,,,,
2023-08-21,,,,,,,,,,,,,
2023-08-22,,,,,,,,,,,,,
2023-08-23,,,,,,,,,,,,,
2023-08-24,,,,,,,,,,,,,
2023-08-25,,,,,,,,,,,,,
2023-08-26,,,,,,,,,,,,,
2023-08-27,,,,,,,,,,,,,
2023-08-28,,,,,,,,,,,,,
2023-08-29,,,,,,,,,,,,,
2023-08-30,,,,,,,,,,,,,
2023-08-31,,,,,,,,,,,,,
2023-09-01,,,,,,,,,,,,,
2023-09-02,,,,,,,,,,,,,
2023-09-03,,,,,,,,,,,,,
2023-09-04,,,,,,,,,,,,,
2023-09-05,,,,,,,,,,,,,
2023-09-06,,,,,,,,,,,,,
2023-09-07,,,,,,,,,,,,,
2023-09-08,,,,,,,,,,,,,
2023-09-09,,,,,,,,,,,,,
2023-09-10,,,,,,,,,,,,,
2023-09-11,,,,,,,,,,,,,
2023-09-12,,,,,,,,,,,,,
2023-09-13,,,,,,,,,,,,,
2023-09-14,,,,,,,,,,,,,
2023-09-15,,,,,,,,,,,,,
2023-09-16,,,,,,,,,,,,,
2023-09-17,,,,,,,,,,,,,
2023-09-18,,,,,,,,,,,,,
2023-09-19,,,,,,,,,,,,,
2023-09-20,,,,,,,,,,,,,
2023-09-21,,,,,,,,,,,,,
2023-09-22,,,,,,,,,,,,,
2023-09-23,,,,,,,,,,,,,
2023-09-24,,,,,,,,,,,,,
2023-09-25,,,,,,,,,,,,,
2023-09-26,,,,,,,,,,,,,
2023-09-27,,,,,,,,,,,,,
2023-09-28,,,,,,,,,,,,,
2023-09-29,,,,,,,,,,,,,
2023-09-30,,,,,,,,,,,,,
2023-10-01,,,,,,,,,,,,,
2023-10-02,,,,,,,,,,,,,
2023-10-03,,,,,,,,,,,,,
2023-10-04,,,,,,,,,,,,,
2023-10-05,,,,,,,,,,,,,
2023-10-06,,,,,,,,,,,,,
2023-10-07,,,,,,,,,,,,,
2023-10-08,,,,,,,,,,,,,
2023-10-09,,,,,,,,,,,,,
2023-10-10,,,,,,,,,,,,,
2023-10-11,,,,,,,,,,,,,
2023-10-12,,,,,,,,,,,,,
2023-10-13,,,,,,,,,,,,,
2023-10-14,,,,,,,,,,,,,
2023-10-15,,,,,,,,,,,,,
2023-10-16,,,,,,,,,,,,,
2023-10-17,,,,,,,,,,,,,
2023-10-18,,,,,,,,,,,,,
2023-10-19,,,,,,,,,,,,,
2023-10-20,,,,,,,,,,,,,
2023-10-21,,,,,,,,,,,,,
2023-10-22,,,,,,,,,,,,,
2023-10-23,,,,,,,,,,,,,
2023-10-24,,,,,,,,,,,,,
2023-10-25,,,,,,,,,,,,,
2023-10-26,,,,,,,,,,,,,
2023-10-27,,,,,,,,,,,,,
2023-10-28,,,,,,,,,,,,,
2023-10-29,,,,,,,,,,,,,
2023-10-30,,,,,,,,,,,,,
2023-10-31,,,,,,,,,,,,,
2023-11-01,,,,,,,,,,,,,
2023-11-02,,,,,,,,,,,,,
2023-11-03,,,,,,,,,,,,,
2023-11-04,,,,,,,,,,,,,
2023-11-05,2.386602982088942,2.386373730985527,2.386158334693635,2.385603102492956,2.3852269191616053,2.384991274764269,2.385935103186773,2.3863443293241136,-297.0,-297.00000000000006,2.507987927109107,8.419760177196144,8.30608295757476
2023-11-06,2.386702314092161,2.3864502093407673,2.386356221596242,2.38557499805873,2.3846698050063835,2.3847054512151074,2.3864239891607775,2.386442415436445,-297.0,-297.00000000000006,2.52568798850956,8.670101244449949,8.316604856387569
2023-11-07,2.38654253271962,2.386279944756742,2.3863536677328967,2.387661603764708,2.3844303211935047,2.385005399256134,2.3859046000649924,2.3861001467141594,-297.0,-297.0,2.523666284604203,8.672301453685794,8.320669521834619
2023-11-08,2.3868030571130183,2.3865453985103224,2.38645505224116,2.3858794338017173,2.3849803193042014,2.3854599227495905,2.3865352608855415,2.386535042394948,-297.0,-297.0,2.537375119446309,8.68246426930858,8.331247240322336
2023-11-09,2.3866989350876833,2.385996264875099,2.3862453655679396,2.385083992399574,2.3845330984744546,2.3866500263175414,2.386081192328686,2.3860921776509407,-297.0,-296.99999999999994,2.542588105526344,8.434034069262227,8.322129922351374
2023-11-10,2.3867006957303576,2.3861520459717487,2.3863464431564316,2.3856889033725697,2.3853575765488,2.3853272329937147,2.3864092450063206,2.3863035480527404,-297.00000000000006,-297.00000000000006,2.540246254814551,8.67229351081176,8.323577695488078
2023-11-11,2.38659530364996,2.3862955376024795,2.386160397075221,2.385530891775896,2.3847738500958298,2.384886093490571,2.386232715719279,2.386301380374578,-297.00000000000006,-297.00000000000006,2.5411886501416805,8.423909346642175,8.314548313640632
2023-11-12,2.3868939993337195,2.3864736875768555,2.386543053593839,2.3857002881917255,2.3855885265155683,2.384526860001922,2.3864454742084393,2.3865849102741756,-297.0,-297.0,2.5354976917386316,8.689408223893327,8.34627115166547
2023-11-13,2.3867971443007945,2.3858344771743996,2.386217475852044,2.3869010745346726,2.385214326942675,2.3845611574031573,2.3859399854965027,2.3864824598609187,-297.00000000000006,-297.0,2.5643845772834175,8.689537027411765,8.34011332637803
2023-11-14,2.387113100755459,2.386742688363709,2.3868168272497647,2.386064236416433,2.3856886397915797,2.3856186669036945,2.386788209158917,2.3867035326541925,-297.0,-296.99999999999994,2.554137120331429,8.464617598494243,8.35694369691409
2023-11-15,2.3873137690284865,2.3866435674216953,2.3870133211447095,2.385742541170007,2.3848558732612712,2.3853823143370128,2.386945923416265,2.3867690429029675,-297.0,-297.0,2.5811895834791128,8.717667283349952,8.37233120431364
2023-11-16,2.387218272638613,2.3861610974394676,2.386693117243524,2.385721922975525,2.3884370338528966,2.38826713668658,2.3866791137442944,2.3864626302428555,-297.00000000000006,-297.0,2.580019622361066,8.70798927250413,8.192305485107504
2023-11-17,2.387031063577539,2.3865586262476017,2.3867108479481236,2.385545312261156,2.385429115607137,2.384962211807321,2.3862050493373417,2.386467431191779,-297.00000000000006,-297.0,2.581501422736647,8.68753035295402,8.343387623685564
2023-11-18,2.386809629268833,2.3864622079545383,2.3862221893848723,2.3867466799138213,2.3864230695708266,2.38640408026698,2.386154578088706,2.385629618841357,-297.0,-297.0,2.569487741515849,8.674888245006596,8.164352890841316
2023-11-19,2.387016793477141,2.386322393299276,2.386562326758462,2.385557120138828,2.384351249124564,2.3863841035718316,2.3866314257404553,2.385978192026624,-297.00000000000006,-297.0,2.580412981995196,8.684876658628243,8.344835623749086
2023-11-20,2.3869154358658276,2.3856764058025215,2.386598718833124,2.388107431986897,2.3850524058357894,2.386210518602156,2.386158009052477,2.386017966547544,-297.00000000000006,-297.0,2.6048261349792337,8.43567412544557,8.616072471332854
2023-11-21,2.3869518992973076,2.3864965198809096,2.3866044055472075,2.3854603631640825,2.3856131122400726,2.385204214240794,2.386018901809799,2.3863556658535474,-297.0,-297.00000000000006,2.5799551476270772,8.672953225623377,8.594784066460308
2023-11-22,2.386902030018981,2.3863904692884015,2.3866184101093744,2.3851489072425665,2.385171062488125,2.3845570252141126,2.3863574090076165,2.386125482884524,-297.0,-297.0,2.57300509931561,8.672955636081,8.599494481330144
2023-11-23,2.3871487488080336,2.386623381088901,2.386821931088088,2.38547808846715,2.385731982059628,2.384721369799827,2.3867367725380215,2.3864810926158015,-297.0,-297.00000000000006,2.572116979511457,8.693203660537476,8.6233216636525
2023-11-24,2.3872353677774156,2.38678353307683,2.386918431647823,2.3856867061540488,2.385407163127381,2.3865317360402134,2.386485370735866,2.3866497565452076,-297.0,-297.00000000000006,2.5713677990413393,8.463697251983245,8.298655483951668
2023-11-25,2.387435717917243,2.3869864071617317,2.387030796996663,2.38725431002108,2.3859502978525744,2.3849892221646094,2.386262953297092,2.3868487307971575,-297.0,-297.00000000000006,2.576418380388922,8.723856790252128,8.320511691844917
2023-11-26,2.387642739833464,2.387187695293613,2.387326708886566,2.3855335073929456,2.3865020440130955,2.3852125783708638,2.3881581324652754,2.387053823335337,-297.00000000000006,-297.0,2.5865283489209454,8.743974699803848,8.341601998054236
2023-11-27,2.3878459740208084,2.3873951831034375,2.387416910139835,2.385755016431941,2.386704824185114,2.385343739735383,2.3867964068552223,2.38726201679085,-297.0,-297.0,2.5814779759354365,8.099263797452362,8.362978970663507
2023-11-28,2.387844763186356,2.3870534423639325,2.3872693013812123,2.3879308064040417,2.386188765325404,2.385384041855611,2.388611358968348,2.3865805162433413,-297.0,-297.0,2.583333880929686,8.096925006150336,8.358438408196914
2023-11-29,2.3878846606636204,2.387600722633004,2.3877665844488205,2.386229714687485,2.386068006845791,2.386234150891429,2.3874617094888038,2.387412334996339,-297.0,-297.0,2.5863705396470844,8.11539572330423,8.380370568470006
2023-11-30,2.387945242131506,2.387495474606445,2.38758722323989,2.3863420546384635,2.3863260207722026,2.385700361766838,2.386985347885124,2.3873297471743684,-297.0,-297.0,2.58076069768881,8.106357170469275,8.369491530206966
2023-12-01,2.387833546339824,2.3873959455772593,2.3875696879424506,2.3863888946934813,2.3858545013976413,2.38618884757001,2.387131667628105,2.387228043227394,-297.0,-297.0,2.574955408559256,8.097394789564955,8.358657408334253
2023-12-02,2.38768216671392,2.387231694610349,2.3871013327539297,2.386477248204993,2.3858577997432167,2.3871112796135554,2.387015862131312,2.386944527167542,-297.0,-296.99999999999994,2.5728962303856835,8.088349914505889,8.347862470482053
2023-12-03,2.387823758002223,2.387410982448432,2.387563528373566,2.3875743325244203,2.385911491311559,2.3858519968709255,2.3886374065751776,2.387225133141262,-297.0,-296.99999999999994,2.5721438279349296,8.09729689259233,8.3629327186607
2023-12-04,2.3878261288719784,2.3873993746949966,2.3875467536010206,2.386213380571185,2.3867005967252277,2.385690580142962,2.3870728644636485,2.3871110369003974,-297.0,-297.00000000000006,2.574105349636436,8.089724297054548,8.358597919885243
2023-12-05,2.3877515932693436,2.3870839567909763,2.387426494548122,2.3859017644164884,2.3867755025170276,2.3854575115880516,2.3868224320947684,2.387235442009001,-297.0,-297.0,2.559795017539582,8.098726230349481,8.369802720848865
2023-12-06,2.38789959901273,2.3871556096044246,2.387589392428379,2.387837091532536,2.386796708698709,2.3854178012523093,2.386932110478064,2.3872975580258493,-297.0,-297.0,2.558676497651093,8.09549397727707,8.20304989898247
2023-12-07,2.38782751117378,2.387403191682741,2.3875509333350706,2.386124316725873,2.3866995518401124,2.3858152407255244,2.3870859681224994,2.3871852335803583,-297.0,-297.00000000000006,2.5374384581729506,8.08452944993383,8.36516484148864
2023-12-08,2.3877075417589535,2.3872896824382823,2.387442562340522,2.386478066264693,2.3866080863647365,2.3861292448270013,2.3870716553295903,2.3870786845784884,-297.0,-297.00000000000006,2.5469318487379873,8.735951443378104,8.355935492479993
2023-12-09,2.3876041192803537,2.387182243940282,2.3873443566604555,2.386060298181043,2.3861293300667756,2.3856956102177413,2.3871538034075637,2.3868154108114545,-297.0,-296.99999999999994,2.545397921244107,8.715511218083474,8.346726258515746
2023-12-10,2.3875383367958003,2.387146225670325,2.3874469802150404,2.387845825325463,2.386627195605969,2.3861027171955445,2.3869745151158854,2.387082390306062,-296.99999999999994,-297.00000000000006,2.5754065838428173,8.72058267837769,8.357376856818293
2023-12-11,2.387513414487779,2.386991056497758,2.3874344256523337,2.387662170021433,2.3868173399098285,2.3855989349876787,2.3865564914162927,2.3872893922574776,-296.99999999999994,-296.99999999999994,2.575142211167647,8.72979706665346,8.20737044087933
2023-12-12,2.3880268132943354,2.387610296759594,2.3877393085588707,2.387817959869232,2.386929772291678,2.3857299977812336,2.3871716589798777,2.387353059607625,-296.99999999999994,-297.0,2.5686700154015676,8.737038650284962,8.384998793432267
2023-12-13,2.387905367533398,2.3874951798037913,2.3876375325102344,2.385809929846123,2.3868260422282757,2.3855796567954393,2.386802103782455,2.3872583566463197,-297.0,-297.0,2.5656038319234136,8.727850952788485,8.203309980938247
2023-12-14,2.387801413584093,2.3870954954570296,2.3875220100510552,2.3865710714241426,2.3884025293585807,2.3875485474244007,2.386552645644747,2.386592999256778,-297.0,-296.99999999999994,2.577900348649751,8.717366523329973,8.365214873016098
2023-12-15,2.387732800973586,2.3873907396010225,2.3875403276206537,2.3876023334809857,2.3864339965701666,2.3862555011503317,2.3873526268596805,2.38652399935183,-296.99999999999994,-297.0,2.5744225276637294,8.717289606447677,8.195624958841227
2023-12-16,2.387407747006326,2.3872729687043903,2.387432233060444,2.3881833708635116,2.386471084597355,2.387610751253258,2.386654800105782,2.3866402350636777,-296.99999999999994,-297.0,2.5815020723219195,8.70459557743246,8.357251261211347
2023-12-17,2.387903735716554,2.387584550817644,2.3877423408744343,2.3867006254037295,2.3867854809193636,2.3863158437274423,2.387139893091698,2.3870953197966815,-296.99999999999994,-296.99999999999994,2.5801802526801714,8.496699526741397,8.393593433486284
2023-12-18,2.3878383848136107,2.387479117066348,2.387635037060666,2.386572525779114,2.3862676218179235,2.386033754430723,2.3872193294040884,2.3865697706916884,-297.00000000000006,-297.0,2.585945647847867,8.737876203662413,8.382808572540576
2023-12-19,2.3881032542097316,2.3876926813659933,2.3878460412544817,2.3867827497069816,2.3868040262981305,2.3864891776515176,2.3874601780369793,2.387453012853511,-296.99999999999994,-297.0,2.5774922196109755,8.27874328633851,8.403749568208463
2023-12-20,2.387902082843923,2.3874844092963383,2.387639500117844,2.386569670989207,2.387777669477401,2.385878108525059,2.3871805643001784,2.3871750686571778,-297.00000000000006,-296.99999999999994,2.5720614253730174,8.114567483335204,8.219213634885493
2023-12-21,2.387903572980205,2.3871812803079684,2.3876374479006803,2.3865689903851854,2.3879109248086663,2.385398701987687,2.3868336947713304,2.3886724298247395,-297.00000000000006,-297.00000000000006,2.5708372299574798,8.114521532238971,8.393381187484547
2023-12-22,2.3878986191429505,2.387423093589194,2.3875347014572483,2.3865699876708084,2.386270005640223,2.3853812773306764,2.386940277768448,2.3886986745150875,-296.99999999999994,-297.0,2.5748566969865787,8.114464779358991,8.39484928962517
2023-12-23,2.3876231978204614,2.3873932424032245,2.3871194458220284,2.387792582957435,2.386397970481346,2.385684012095577,2.3864904356599017,2.386168785984522,-297.00000000000006,-296.99999999999994,2.579380806958909,8.105204564660342,8.213814492707098
2023-12-24,2.3877897727507973,2.3873968734768494,2.3875288537851755,2.3856771028669312,2.3860466281012758,2.387875001774862,2.3868935503580975,2.3884009026748534,-297.0,-297.0,2.5549360834128243,8.1051459087364,8.372887450486502
2023-12-25,2.387889989149873,2.3874271966498157,2.387619937290585,2.386534494455024,2.3863421365411104,2.386311190493068,2.387085098256651,2.387072625468666,-297.00000000000006,-297.0,2.572819333447316,8.113439711609832,8.377078798689254
2023-12-26,2.3877841774398534,2.3874000517303116,2.387434459035274,2.3864146652514546,2.3863402799660665,2.385958522427536,2.3868180053793218,2.3860480779288102,-297.0,-297.0,2.562574934182451,8.106584342243961,8.366407356816651
2023-12-27,2.388306398957175,2.3877877062614568,2.3873904693916463,2.3862297751782067,2.3864371016855768,2.388413466591834,2.3869638768196144,2.3907994958918892,-297.0,-297.0,2.563714456601952,8.153155526646447,8.165520155292816
2023-12-28,2.3880988145861806,2.387711546720895,2.3878156755076634,2.3867078662974293,2.386933343107956,2.386120318599913,2.3873515439462936,2.387088101406453,-297.0,-297.0,2.571852093088055,8.319140977901325,8.234071963487533
2023-12-29,2.387993945550807,2.387585451752518,2.387668330246388,2.3863501760787185,2.385943479252026,2.387568548541928,2.3868664781564264,2.3864176221779796,-297.0,-297.0,2.572583899498845,8.309433982959371,8.398588640115324
2023-12-30,2.3876572569516754,2.3874809165611035,2.387241544980364,2.3879281543457997,2.388578157015872,2.3855373438635414,2.3867805567618245,2.3862320954642224,-297.0,-296.99999999999994,2.5786113446128023,8.117219621214673,8.390633740419522
2023-12-31,2.3876774117842885,2.387276321111361,2.387354839849593,2.385924496233532,2.3864814224277957,2.3858871279386475,2.3871188325507164,2.385991714612864,-297.0,-296.99999999999994,2.566785077172512,8.095162227527899,8.373691487527914
2024-01-01,2.387452897717781,2.387054614343789,2.3871215111809065,2.385235241064635,2.387651537534344,2.385555045298285,2.387050444360944,2.3856730474340084,-297.0,-297.0,2.567640705765484,8.497934941810925,8.356924710707018
2024-01-02,2.3874410400466815,2.387056846017475,2.3871192479743586,2.386025008814208,2.385889295035662,2.387015306576717,2.3870502741441775,2.3857652112236813,-297.0,-297.0,2.6022328976423226,8.739892304577767,8.356976728060882
2024-01-03,2.387545726548213,2.386754129107078,2.3871464515250467,2.38610402296594,2.385566487999535,2.385023716342901,2.3868395766072448,2.385847084686593,-297.00000000000006,-297.0,2.597453455590051,8.087343087066337,8.367588915596746
2024-01-04,2.3874401242751064,2.3870299696356194,2.3871001740378044,2.386001852026606,2.3854905231059016,2.3851645100920287,2.386938644433956,2.385747584430059,-297.0,-296.99999999999994,2.606292839609798,8.741772156788336,8.358457254739234
2024-01-05,2.3874430025246522,2.3870187779822922,2.3870960765505296,2.3859999509332024,2.3854949964272483,2.3851239793882955,2.387024557791735,2.3857457464204113,-297.0,-297.0,2.6126992699091622,8.741498631061814,8.359896001562541
2024-01-06,2.387342748386936,2.3869171865693537,2.38699482271741,2.3859052896019324,2.3860665353780868,2.3854742516225014,2.3882531706442967,2.385627393312831,-297.0,-297.0,2.6260866712404907,8.731054203204934,8.350582132507418
2024-01-07,2.387531489139043,2.387134785391639,2.3871317133045364,2.387555939818736,2.3873593113395946,2.388628524830036,2.387115418726522,2.3858115577606287,-297.0,-297.0,2.605199119850233,8.509821978816868,8.19983193509251
2024-01-08,2.387617550603811,2.3872378261159763,2.387144473247071,2.3879781499486175,2.3858967800786774,2.3852532974895624,2.3871530776640117,2.387318934679051,-297.00000000000006,-297.0,2.6139868491292275,8.09704709067732,8.209951075815244
2024-01-09,2.3876184147325716,2.3872410066086585,2.387267813435666,2.3896911122640305,2.386359009887553,2.385909360818157,2.3869993944897945,2.385872686072252,-297.0,-297.0,2.586991151062277,8.103921917931789,8.385680135370759
2024-01-10,2.387190155488729,2.386792052733372,2.3870569135652673,2.3872233871407587,2.3864564830997064,2.3851875347899214,2.3865591933874843,2.3859145021257575,-297.0,-297.0,2.5856428938618365,8.29557096435715,8.40115272143441
2024-01-11,2.387709407390257,2.3873275761737665,2.387362448905139,2.387594377465882,2.3857130411097134,2.3860052594477694,2.3872385133678296,2.385918416892971,-296.99999999999994,-297.0,2.609148287423947,8.111690207672831,8.401448369183116
2024-01-12,2.387660366034853,2.3872972550755005,2.3873192744342395,2.388303352597326,2.3860723702737783,2.3854308843004346,2.3871674343015994,2.3874007059975897,-296.99999999999994,-297.0,2.606106915119189,8.11670346171827,8.401494089144245
2024-01-13,2.389362514241187,2.3873016839963617,2.3873074904991154,2.3889104983537357,2.3859502618396253,2.388629182307315,2.389431962761191,2.384926398299711,-296.99999999999994,-297.0,2.6054339216618456,8.303848442588654,8.401292347056858
2024-01-14,2.387458214399984,2.387309000689087,2.387304891871341,2.391389562933889,2.3864266961378053,2.3860426729994226,2.3870908241377613,2.3858468295651143,-297.0,-297.0,2.605086803706648,8.125181900309608,8.405755259720383
2024-01-15,2.387149848621188,2.3871019398714175,2.3870500139593696,2.390754963428161,2.3874158021075496,2.3876527472859035,2.385932972777675,2.385470463718415,-297.0,-297.0,2.605016584816523,8.289211330269683,8.384615165277888
2024-01-16,2.387202870008575,2.3873111004602126,2.3873099378629,2.3924508609153854,2.3860581320112653,2.385312110229834,2.3861950834111196,2.3856395528889562,-297.0,-297.0,2.61267044084167,8.490763014465061,8.229387739559392
2024-01-17,2.386979010655643,2.3872161278634385,2.387341333043537,2.3920378357607635,2.3854515016357545,2.3871068943146767,2.3862191201430547,2.385651096841129,-297.0,-297.0,2.626208722394817,8.740650387913988,8.234582565616684
2024-01-18,2.3871145930497937,2.387337989772155,2.3872965478826043,2.392344842148748,2.385659182190185,2.385589075964711,2.386367064442237,2.3856460738182417,-296.99999999999994,-297.0,2.6326184334229326,8.740334439577298,8.236301360335414
2024-01-19,2.3867888330850273,2.3872356341630887,2.3867477023029227,2.3908564412135784,2.385864157114476,2.387274673312735,2.386271266414919,2.385542922144614,-296.99999999999994,-297.0,2.6248910155655842,8.729420652412541,8.399466308027556
2024-01-20,2.386913864009639,2.387192627730221,2.3872566598246308,2.3912013205451137,2.386277445653912,2.385455215055417,2.3867305674776427,2.3855285538665334,-297.0,-297.0,2.6302735990868924,8.651884977922476,8.400913877699827
2024-01-21,2.3886524372998905,2.387194227857423,2.3865409741813446,2.3947088051565157,2.385648456455647,2.3885134090691027,2.388307003930735,2.3850043187931105,-297.0,-297.0,2.649388509863937,8.663335818875698,8.411408955902386
2024-01-22,2.3874985832172846,2.3874433207863257,2.3874255973647456,2.392116473166594,2.386482853555169,2.3861808726840508,2.387010437825812,2.385725330580119,-297.00000000000006,-297.0,2.656497459736104,8.438167743786293,8.417712381637694
2024-01-23,2.3870956531914063,2.3871327427391003,2.387351350602833,2.3922655317584733,2.385843888790704,2.3870938314968666,2.3864682780398607,2.3857011389659846,-297.00000000000006,-297.0,2.6557226061047756,8.67601654207335,8.163691759417976
2024-01-24,2.3874233821835276,2.3874252151757616,2.3873447245099446,2.3934364200915224,2.3861311203324824,2.387033738206459,2.3866812868853002,2.385697916117676,-297.00000000000006,-297.0,2.6600004946893225,8.678295121342353,8.163902124817817
2024-01-25,2.3873796214608345,2.3875255826125716,2.3874485561962104,2.390317840837481,2.385653329737479,2.3861544683020854,2.386814482831532,2.385780835854936,-297.0,-297.0,2.6435112889654833,8.689395845041322,8.348876431549233
2024-01-26,2.387463485831675,2.3875289797497974,2.3873538673288373,2.390921724834784,2.3858171279468836,2.386141523955042,2.3864048257462103,2.3855600153354595,-297.0,-297.00000000000006,2.645217894010304,8.689315971316718,8.350275241853694
2024-01-27,2.3874910039871438,2.3872741305643657,2.3876038998362468,2.391052014475448,2.3866939852116538,2.385568140341398,2.3863293290088277,2.385469243201044,-297.0,-297.00000000000006,2.651137379150712,8.699617312311961,8.449294477096412
2024-01-28,2.387604147843949,2.3876287028327705,2.387603880635574,2.3906240853982847,2.3865903147239136,2.3874747238205902,2.387135968740014,2.3857883143607497,-297.0,-296.99999999999994,2.6413382188416366,8.708830753392908,8.449260626003147
2024-01-29,2.3876274350433144,2.387625369687646,2.3876043752519163,2.3910881467543326,2.386684254139633,2.385609216467476,2.38669772663131,2.3859038098665133,-297.0,-297.0,2.6635040122111326,8.160239603572125,8.449044115275836
2024-01-30,2.387228139409112,2.387177492177651,2.3873610172384576,2.391966719391229,2.3879176237107633,2.3884065598011577,2.386278038168928,2.387406576023725,-297.0,-297.00000000000006,2.6708132740994084,8.184017251573469,8.449044115275836
2024-01-31,2.3875084176524797,2.3874601453979625,2.3874761508682947,2.391382829188329,2.385929282326703,2.385206439652786,2.386723119750089,2.3857656006045698,-297.0,-297.0,2.6675582315155157,8.289422694311403,8.186605188278
2024-02-01,2.387396952476279,2.3874486289114314,2.3874745442796868,2.391386828980527,2.386278344763462,2.3854285349648126,2.3869880270715678,2.385732216232163,-297.0,-297.00000000000006,2.6636655616508973,8.29354372130332,8.188148264118086
2024-02-02,2.387603700977968,2.3875584710892235,2.387579325799294,2.391393640675726,2.3866456536549676,2.385448913232773,2.3870860705653443,2.385365758947019,-297.0,-296.99999999999994,2.656598822027619,8.303133311235765,8.459720673763076
2024-02-03,2.387606290003423,2.387559241765995,2.3875823675321928,2.3923455431731666,2.387985664299762,2.3861181886203036,2.3869271454802097,2.3854618072179514,-297.0,-297.0,2.672928338948266,8.301373932944504,8.459720673763076
2024-02-04,2.3868977653302412,2.3873565947864175,2.387376547352898,2.3943247686604856,2.386441947342849,2.3856249052708662,2.3868599697977495,2.385629520744051,-297.0,-297.0,2.6700095206046868,8.280915224114766,8.346880514122713
2024-02-05,2.387215176499643,2.3874799661111297,2.3874669567173066,2.3926648878494516,2.385969430257043,2.3873269670268007,2.3869965394629142,2.385251594392678,-297.0,-297.0,2.671150575246953,8.291493477157953,8.449398821901047
2024-02-06,2.38739906731699,2.387392003367037,2.387347929606644,2.3912850444871694,2.3860731521883904,2.387143861278718,2.3869043091262965,2.3856254828759895,-297.0,-297.0,2.6632734429878315,8.282187353222152,8.4432965332662
2024-02-07,2.3873880030875787,2.387410585077784,2.387249296613589,2.3936958363224377,2.385882733034296,2.3850954919660396,2.3869099083504786,2.3856296388667904,-297.0,-296.99999999999994,2.662585997202059,8.2831935078383,8.448063812191217
2024-02-08,2.387398441319391,2.3873463477190775,2.3872760991383277,2.392301750520703,2.3860363639377393,2.387110306800573,2.3866297984345586,2.3856207842982062,-297.0,-297.00000000000006,2.6519366402865607,8.283910840230252,8.448339632875982
2024-02-09,2.387501083413289,2.387506140521843,2.387390247080855,2.393090397652099,2.387537456219185,2.3862055280207106,2.3870277348300464,2.3857296380888924,-297.0,-297.0,2.6537144069370115,8.293642265073789,8.198056961399168
2024-02-10,2.3875054861582505,2.3871303718109074,2.3874915330445816,2.3936153429855302,2.3865475013168362,2.385574861936039,2.3864570646714576,2.385730604492875,-297.0,-297.0,2.651905700538566,8.286499157484501,8.198056961399168
2024-02-11,2.3872967290939,2.387324198453703,2.387160881962433,2.3934124508751737,2.3860495468556553,2.385964185914534,2.3868128490861835,2.3855244177300303,-297.0,-297.0,2.6466361346086473,8.267155745893636,8.350672391603103
2024-02-12,2.3875057988557207,2.3875546363709823,2.3875094579904954,2.390838937319089,2.3863844180932294,2.385549766335677,2.387022124477845,2.385744969241694,-297.00000000000006,-297.0,2.6536750240678204,8.284106921470837,8.458335099672624
2024-02-13,2.3875073355271126,2.3869642941694256,2.386963217748763,2.3911143714457506,2.3856566647196034,2.3874147351665527,2.3864663831150783,2.3857670025657307,-297.0,-297.0,2.642691168011007,8.283988608764608,8.353440829367532
2024-02-14,2.3874001450801856,2.387238194760709,2.3872160466765684,2.393976943742247,2.387635491605871,2.3852818812686616,2.3867323669224114,2.3856635641509913,-297.0,-297.0,2.6213940864150693,8.273226247003443,8.198766702578522
2024-02-15,2.3873909304166894,2.3871222766788196,2.38713810216105,2.3951722552482315,2.3859888973691072,2.3875105423651224,2.3867471342087296,2.3856597775527506,-297.0,-297.00000000000006,2.6188571151225806,8.274253745506066,8.293759953728138
2024-02-16,2.387399567499886,2.387174470568715,2.3870075072432413,2.3968886699573444,2.3880395359487165,2.387581171090369,2.3868898304341672,2.385666465816273,-297.0,-297.0,2.6317713295197667,8.273658238751054,8.293780192461389
2024-02-17,2.3873980688373098,2.387367552284108,2.387354035912062,2.3944504592326377,2.3866547676681638,2.386207768852108,2.386911342148151,2.3856668114652875,-297.0,-296.99999999999994,2.625761479807723,8.273386246387048,8.293780192461389
2024-02-18,2.387344392223914,2.3870219743761774,2.3871837457470284,2.396235637047222,2.3861974052070067,2.3853149566600487,2.386460394375361,2.3854743925626645,-297.00000000000006,-297.0,2.6218727339568666,8.273694019425308,8.472717613422777
2024-02-19,2.3873924175526304,2.38734780228937,2.3873461854481874,2.3958036991232077,2.3863918765360297,2.3859456062523448,2.3868961743967056,2.3856597085034124,-297.0,-296.99999999999994,2.6218087682711433,8.288081033849734,8.302662811094859
2024-02-20,2.387290206120765,2.3872760873544725,2.3872332128766023,2.395425050482862,2.388039984119524,2.386078964531721,2.386782932469249,2.3855533874104,-297.0,-296.99999999999994,2.6332878088790803,8.276443273991646,8.46655275266787
2024-02-21,2.3870726818727914,2.386945754035501,2.3871306023024474,2.396954131781052,2.386228376216709,2.3874412452466824,2.3865976240768596,2.385441296357256,-297.0,-297.0,2.6401008462362348,8.481484018582375,8.199014144958495
2024-02-22,2.387069624938417,2.3870410335760806,2.3871301596586583,2.3968668518473706,2.387326078139121,2.386919685280518,2.3863646903237345,2.3854418894203406,-297.0,-297.0,2.6456130041958166,8.29214532127522,8.19919172116939
2024-02-23,2.386835311376528,2.386803795699012,2.386737023769374,2.396921710432298,2.3856510943529763,2.3849373004792356,2.3861347177650374,2.385338983373528,-297.0,-297.0,2.636731468788495,8.28234945429074,8.188968861536203
2024-02-24,2.387076769710535,2.3870034945778444,2.386967175213071,2.3964506724001677,2.3857370031932006,2.3858112490401218,2.386592480916744,2.3853320190102028,-297.0,-297.0,2.6386093057579236,8.281194468504609,8.188968861536203
2024-02-25,2.387286502312972,2.3871084892504406,2.3868898392218085,2.3962959146201497,2.3856592911637864,2.387850840017025,2.386339502174794,2.3855376034006714,-297.0,-297.0,2.631588118558115,8.301816287193605,8.47580938886571
2024-02-26,2.3872856503246824,2.387202564088245,2.387238607918466,2.399717494100789,2.3859436424025997,2.3875440828385517,2.3865055389772736,2.385556821914485,-297.0,-297.00000000000006,2.601989628722551,8.307475514719322,8.475497023663195
2024-02-27,2.3867553483690362,2.387281962806435,2.3872363447417273,2.402517214981042,2.3860267616162627,2.385263124430993,2.3868024453839918,2.385555203525049,-297.00000000000006,-296.99999999999994,2.609590817127493,8.308968716690623,8.475497023663195
2024-02-28,2.3870849846437956,2.3869104571405937,2.3870498381653595,2.3849543650565996,2.3862425459853758,2.388324038092055,2.3862004625450908,2.385695460872563,-296.99999999999994,-297.0,2.601546421733449,8.274342246133378,8.160960507301294
2024-02-29,2.3873798071018095,2.388311128913361,2.386687460900776,2.3833497433823214,2.3886674811063773,2.3881077628370755,2.3862601279590963,2.385614295081506,-297.0,-297.00000000000006,2.589990296121239,8.26461886074219,8.31877078827923
2024-03-01,2.3871657709767864,2.387144203343932,2.3871173713388294,2.3831382393793015,2.38564143900061,2.3881441065417985,2.3859159055962125,2.385445163898516,-297.0,-297.0,2.5586734716787567,8.308790565227591,8.300682827261546
2024-03-02,2.3869590945399377,2.386926895801891,2.386914608295949,2.382934098316271,2.385667489201641,2.385171270108107,2.3864875964802326,2.3852296261909824,-297.0,-297.00000000000006,2.5693272383030554,8.289532820563428,8.195640176460707
2024-03-03,2.387059977444469,2.3870212914410884,2.3870191517831505,2.3830379055586994,2.386223469614281,2.3848633880980943,2.3865812052676927,2.3853401236552,-297.0,-297.0,2.5519255547839705,8.299498587166173,8.296954431976229
2024-03-04,2.3870593358008447,2.3870256292877734,2.387016153806215,2.383037487589209,2.386209573469866,2.385699747343454,2.386585345531043,2.3851290020627376,-297.0,-297.0,2.5928182655742007,8.29981419722207,8.476136420596864
2024-03-05,2.3870541095055757,2.3869911635332723,2.387003726956826,2.383040104027484,2.386202719239631,2.3868242393525785,2.3865794684230153,2.385281281190293,-297.0,-297.0,2.5778292672811136,8.298949600252119,8.305843107203742
2024-03-06,2.387161321735589,2.38625706088338,2.3865493049717514,2.3831372762498746,2.3890827624086386,2.389498849169063,2.386679336766701,2.3853820396761822,-297.0,-297.00000000000006,2.566909538339446,8.308764100684327,8.320831859574113
2024-03-07,2.387048858603702,2.3867098411686833,2.3869621281493245,2.3830340474637572,2.3860458194107763,2.3876606389345914,2.386555985122187,2.3852344864651007,-297.0,-297.0,2.571734219495334,8.299105974361886,8.487041224756458
2024-03-08,2.3870237570376185,2.3869479948378216,2.3869488320244328,2.3830249719225125,2.3858559254725256,2.3874880847108253,2.3865447164981815,2.385219430909642,-297.0,-296.99999999999994,2.5709560408190884,8.299084879624989,8.488548043605686
2024-03-09,2.3869230460471993,2.3868483212105778,2.386846320714919,2.3829270995349763,2.3857289736113323,2.387102531412184,2.386442756421805,2.3850802514519893,-297.0,-297.0,2.582017721915186,8.289415007270717,8.304422447196751
2024-03-10,2.386912954643005,2.3867037362935664,2.386584862091324,2.382928446247827,2.3853190750260285,2.387580980054097,2.3862224473197644,2.385028960164591,-297.0,-297.0,2.507737717306071,8.28907493282967,8.30438226545751
2024-03-11,2.3868620017137254,2.386736233083965,2.3868427115325983,2.3829179976919943,2.3856768704535947,2.3868488624931294,2.3860752881306415,2.3850044899287712,-297.0,-297.0,2.5197575021887912,8.287824520102909,8.478646832696151
2024-03-12,2.3869177397163948,2.3867505449279514,2.3868385255876245,2.382916304162766,2.3872844802580118,2.3881738071367726,2.386437467376642,2.3849930576292087,-297.0,-297.0,2.5188373256294465,8.288785220592278,8.308231901035825
2024-03-13,2.3865360993197657,2.386824960116073,2.3864698954670645,2.3827485664684747,2.3869920551248778,2.388306085427927,2.386082505988377,2.384545771647438,-297.0,-297.0,2.5325419215402096,8.289171768100292,8.483316422186205
2024-03-14,2.386507435974429,2.3885114190199497,2.386435565933138,2.382684937711162,2.3873587116998247,2.388817132640446,2.385707203142896,2.3844722327533283,-297.0,-297.0,2.556646124300533,8.28885979289064,8.311334879995414
2024-03-15,2.3881009740629735,2.386105666006707,2.386166813021028,2.3841245206175814,2.3859498213563906,2.386552374281638,2.387659165782116,2.3843715563841528,-297.0,-297.0,2.579839268203184,8.28927484997527,8.314280036308599
2024-03-16,2.386818741670507,2.386007509020218,2.386827584900195,2.382946295884852,2.385911691194647,2.3854364529371175,2.3863918973898337,2.383853383587376,-297.0,-297.0,2.5667610252034727,8.285575455987786,8.317119425900014
2024-03-17,2.386465962685741,2.386104846575578,2.3864157058146254,2.3828967517691364,2.3855555376026825,2.386937031958015,2.38603442733184,2.3832337775188277,-297.0,-296.99999999999994,2.5418234104389366,8.284478692435584,8.492350997335976
2024-03-18,2.3869589920761,2.386859253853806,2.387897819552508,2.3829851637653876,2.3860178937437704,2.385017955261333,2.3861767316325984,2.383129720864996,-297.0,-297.0,2.5922846505895083,8.290486947120419,8.318803441908338
2024-03-19,2.386678036698492,2.385952514491088,2.3867903334822267,2.3828523710835,2.385919359884326,2.3864693816982223,2.3860338977855573,2.38370979933098,-297.0,-297.0,2.569956907848928,8.286272185491615,8.480026983252857
2024-03-20,2.387055768265066,2.3867792032534147,2.386964686479264,2.3830586013492194,2.386088971523944,2.386832298336953,2.3866562159423297,2.383884062293997,-297.0,-297.0,2.548403171141091,8.284226249875728,8.502286507954775
2024-03-21,2.3870549583914373,2.3869268770023315,2.3869629476319765,2.3830612453767075,2.3860853919274185,2.3865535750170133,2.3862995960884223,2.383615807272248,-297.0,-297.0,2.5704985431106175,8.285654875866902,8.328197018344076
2024-03-22,2.3866571597459774,2.3862538134411313,2.3865560373782677,2.3830676937446116,2.3859612018421004,2.387211965837374,2.387649571575699,2.3851927216465447,-297.0,-297.0,2.564520996214481,8.285644221716908,8.329656071044834
2024-03-23,2.387051017405138,2.3860126959216132,2.3869394198914438,2.383073013652486,2.3855905604440517,2.386883912201188,2.386188468098837,2.383311057520687,-297.0,-297.0,2.5535888545304863,8.285630312752986,8.418452012374724
2024-03-24,2.387024854486702,2.3867135948931755,2.3869606947627435,2.3826318717434782,2.386134112887969,2.3866809197972954,2.3865738825446843,2.383480647713407,-297.0,-297.0,2.549220911007402,8.282412130469012,8.418323769651144
2024-03-25,2.387146055138482,2.3869900832308555,2.3870515362457243,2.3826767278822536,2.387413683549307,2.3874601518658762,2.386735302432571,2.3839819863881635,-297.0,-297.0,2.554576096078362,8.296275287706315,8.173368606756368
2024-03-26,2.3870307149081493,2.386891199335733,2.38697031091464,2.3825745604904993,2.3855309545748784,2.385638388304385,2.387727999460838,2.3839143477724987,-297.0,-297.0,2.569478547070157,8.285150017272768,8.164038150970777
2024-03-27,2.38678475920678,2.3867470856015647,2.3865602056642348,2.3823505098515168,2.385730681264597,2.386971207250882,2.387591498707597,2.383235997542889,-297.0,-297.0,2.5606442256857025,8.282688000221695,8.168273179741918
2024-03-28,2.3871155563827378,2.38684224570611,2.386964192654712,2.382437703380526,2.3859437312310594,2.3867485834453914,2.3862822601470546,2.3842855653108836,-297.0,-297.0,2.5560322978978816,8.317966571288288,8.175749307861773
2024-03-29,2.3872188441047655,2.3869707397633455,2.3871196490149176,2.3825545557257906,2.3858954245966735,2.3872549254038,2.3863382833743674,2.384380959070842,-297.0,-297.0,2.563213308970382,8.327815345216685,8.53694342427098
2024-03-30,2.3872266454991733,2.3865943684662256,2.3870831257723,2.3825549335858,2.3863883985158574,2.3868540063612764,2.386335286066303,2.3843668632113757,-297.0,-297.0,2.55746013444724,8.32785108549725,8.180786843210141
2024-03-31,2.3874408253014328,2.387190496098505,2.387175876278425,2.382502291846182,2.3866300067364197,2.387787677448063,2.3867779589767397,2.384338265661258,-297.0,-297.00000000000006,2.570198456662724,8.347054020121258,8.54721262539106
2024-04-01,2.3874446034363133,2.3870081804622556,2.387070283145556,2.3844089208884736,2.387962292689306,2.3880944893336062,2.386585747453621,2.3844681549798525,-297.0,-297.0,2.5916741632757754,8.349021748124738,8.54442481267332
2024-04-02,2.3875506767294237,2.3872248796644313,2.387358439304247,2.3828678649306485,2.386283150743685,2.3876656906926588,2.387053602704475,2.383864198274938,-297.0,-297.0,2.5994409006756176,8.366294942373084,8.556009959624866
2024-04-03,2.387340409854081,2.3871928301700747,2.3872580889969606,2.3826451128158572,2.386499883292508,2.385012307822193,2.3862898557708387,2.384344232054991,-297.0,-297.0,2.5847294354362895,8.343776504622205,8.184840098892243
2024-04-04,2.3873396747709896,2.3871882488601117,2.386768760264169,2.3826432561076096,2.386043169018784,2.3874502389511605,2.386455981038811,2.3841777629474263,-297.0,-297.0,2.5888470132213817,8.367199421840679,8.185018283523304
2024-04-05,2.38684038263201,2.3864445599530373,2.386355949083284,2.382348095054959,2.3859240797980124,2.3882980684506814,2.3869487626102925,2.384146822793604,-297.0,-297.0,2.584787288242006,8.367179834104888,8.185033952515408
2024-04-06,2.387334247202334,2.3867710300160145,2.3871816967875645,2.3826563501876157,2.385994017384359,2.3874072413418563,2.386993875714698,2.384150542729171,-297.0,-297.0,2.5841136884686833,8.36715947450336,8.185033952515408
2024-04-07,2.3873371478036294,2.386689618266693,2.387015568409569,2.3825613848428357,2.385809218220414,2.387529763857482,2.3863901068485833,2.3841670388551783,-297.0,-297.0,2.5683022843601515,8.363586155493064,8.290731180490363
2024-04-08,2.387016067666871,2.3867618293450925,2.3870370122176148,2.382463956595886,2.385793376481351,2.3871185644031674,2.38677196967142,2.383989093887899,-297.0,-297.0,2.5696945469822334,8.343556802867356,8.181334825945738
2024-04-09,2.3871388156834525,2.386585919511356,2.3868437051676885,2.382495653455031,2.3857083492814426,2.3874656838404626,2.3867711928615845,2.3839894758545577,-297.0,-297.0,2.5669539474206258,8.344677982843905,8.1816686861575
2024-04-10,2.3871650278757555,2.3870006780065927,2.3870614153263143,2.3825025197586998,2.3861363842417753,2.386894206682266,2.386752729051038,2.3839869393297333,-297.00000000000006,-297.0,2.573738414091565,8.596117815776392,8.1816686861575
2024-04-11,2.387163581719037,2.386985075168875,2.387061746040429,2.38250395392355,2.386202016695546,2.385227939958111,2.3867957225151493,2.383581619758742,-297.00000000000006,-297.0,2.622206904033943,8.356011083614318,8.183083164161857
2024-04-12,2.387273891685964,2.3864751157342012,2.386607164178881,2.382185899305601,2.388993153037063,2.387269812982114,2.3868885657340746,2.383106944207528,-297.00000000000006,-297.0,2.6835530091086772,8.352321590306138,8.184480853848369
2024-04-13,2.387352400128586,2.3862505612987297,2.3870362680516926,2.382448756341966,2.386065078365567,2.385603128343087,2.3870124261670598,2.38408537376391,-297.0,-297.0,2.657431562154862,8.351495547924655,8.539448919426404
2024-04-14,2.3872886084368856,2.386236914751593,2.3870318943818223,2.3819206421888564,2.3858122477771064,2.3855710136832293,2.3865559351569883,2.384011501888402,-297.0,-297.0,2.6644272168138627,8.351101245354261,8.189993132077594
2024-04-15,2.3872582163081297,2.3862348157307087,2.386937431346574,2.3822086000207934,2.3857386919228993,2.3852348539176016,2.3870205402280744,2.3854249366983855,-297.0,-297.0,2.6654145735638863,8.347875894266378,8.18124977820998
2024-04-16,2.3871817359620593,2.38613232621189,2.38692183445656,2.3819379564555465,2.3861086723715554,2.3852143255514267,2.386663654434653,2.3854356328967325,-297.0,-297.00000000000006,2.6668906111225095,8.338329891393883,8.534226618185519
2024-04-17,2.3873379703814943,2.3862346924254743,2.3869534577433424,2.38254528068066,2.3862103650950255,2.385442383386821,2.3869180298552366,2.3840598987380037,-297.0,-297.0,2.659572873599635,8.343556744972894,8.541549869312606
2024-04-18,2.387446588237178,2.3863351969744526,2.3871351242353587,2.382656034936315,2.3857672960569545,2.385633672685213,2.3871161864159363,2.3841448625555883,-297.0,-297.0,2.658171957840812,8.418058043456387,8.199825812038789
2024-04-19,2.3875504316260057,2.386438424526037,2.3871646986270068,2.38275235628935,2.386393358979115,2.385599691712397,2.3871025974814346,2.3842502966354187,-297.0,-296.99999999999994,2.635904755804803,8.441186522415137,8.567101013432676
2024-04-20,2.387655890904702,2.386544467342171,2.3872478554156675,2.3828200194484954,2.386523683426065,2.3853892532452368,2.38723612504134,2.3843579957094048,-297.0,-297.0,2.6399717705488364,8.463905778828751,8.31238568296466
2024-04-21,2.387414310270025,2.3862284818567843,2.3869968723807964,2.3826295064151197,2.3876324764209738,2.3856473022435893,2.3869297208496008,2.383937544769484,-297.0,-297.0,2.611545269320625,8.445183379076756,8.550704880805075
2024-04-22,2.387341324971145,2.3861291243144875,2.387020290513958,2.3825278477944316,2.3894594991151026,2.3853700289761557,2.386962870432798,2.3839612750148516,-297.0,-297.0,2.619984465198946,8.434826234217063,8.535226355129762
2024-04-23,2.387120215395695,2.386013203428924,2.386921521929519,2.382432279138223,2.385844071146086,2.385352253145825,2.38673371503016,2.3838558355805906,-297.0,-297.0,2.635752578729698,8.425647880643961,8.167852008211348
2024-04-24,2.3872675497763107,2.386113129391204,2.387001403759239,2.3825314444204615,2.385474808953721,2.385274990026651,2.3869409311639687,2.3837019236435655,-297.0,-297.0,2.637519221490226,8.437795303632209,8.536150169675635
2024-04-25,2.387213089111026,2.386116223971904,2.3870106504044846,2.3825871189348153,2.385690509276609,2.3854735071589714,2.386790991162152,2.3839371141294206,-297.0,-297.0,2.637055983903732,8.441430982766914,8.182846307127694
2024-04-26,2.3872877972424598,2.3862118613981083,2.3871280777930224,2.382689737153996,2.3859343944019855,2.3856545764768353,2.3868783846465065,2.384038651297983,-297.0,-297.0,2.6440402079026946,8.451707228601183,8.19307030811719
2024-04-27,2.3873975470854836,2.386196414033293,2.3871311925629795,2.382324460706777,2.386006951036277,2.3856310181983558,2.3868339199650555,2.385065706705125,-297.0,-297.0,2.652000137382051,8.35224720393911,8.19307030811719
2024-04-28,2.3870641845942884,2.38609794879276,2.3868063974365845,2.3819884618948626,2.385365624550542,2.385413106250371,2.386553241869225,2.3838896646353223,-297.0,-297.0,2.647504207615143,8.325832540664305,8.17437290836873
2024-04-29,2.38679741487591,2.385933677148156,2.3870482306350973,2.3824754916702227,2.385933968408278,2.3857106601398814,2.387053293580978,2.3835424681765196,-297.0,-297.0,2.6614212943861517,8.28212017981102,8.533233821886862
2024-04-30,2.3868247502072144,2.3860118640353214,2.3868747286659113,2.381886443853509,2.385521851207602,2.387815135741789,2.3866305845880946,2.3837640864443888,-297.0,-297.0,2.6463523723965694,8.275979147579775,8.17513960114015
2024-05-01,2.387460461995736,2.386228834706703,2.3871475601149608,2.382368488547248,2.3856062209093793,2.385661359231986,2.3869358423854616,2.383982782570353,-297.0,-296.99999999999994,2.644264535753385,8.288911652129508,8.539409455454809
2024-05-02,2.3874413248778223,2.3862245061410245,2.386941353372238,2.3821679984935162,2.3854430266842943,2.3875861353935557,2.3867070892242186,2.385093654029539,-296.99999999999994,-297.0,2.632392105494379,8.290834711456036,8.184307920694014
2024-05-03,2.387461074614275,2.38621720322434,2.3870144912537445,2.382697081104945,2.3855762392898314,2.3855127546048887,2.38697388101146,2.3831168588852707,-297.0,-297.0,2.633805291014138,8.290829854634067,8.536441705718953
2024-05-04,2.3872857222539365,2.3862069357393607,2.3871521763664476,2.3826704730938495,2.3854285496705634,2.3855915204128078,2.3870387784615197,2.3840326451033964,-297.0,-297.0,2.634264076045902,8.290615347739383,8.181265581705182
2024-05-05,2.38739012249739,2.386208980751757,2.387049270396207,2.3824447412462013,2.385787619702853,2.385512859277218,2.3867424840586424,2.3840149322848925,-296.99999999999994,-297.0,2.6246234942745947,8.290419519418135,8.534540582123654
2024-05-06,2.3874757879824653,2.386206755368202,2.3870042963004194,2.3820997884354735,2.3851843802636723,2.3873005227061275,2.3867398429984528,2.3853170272122615,-297.0,-297.0,2.6385767419258928,8.289624909196338,8.181036086672506
2024-05-07,2.3873143971067194,2.3861065558295707,2.387049312376413,2.382670283860685,2.3859853846022125,2.386045132867939,2.387004327157551,2.3838924328888305,-297.0,-297.0,2.6444968345065463,8.27957406894766,8.170680879664355
2024-05-08,2.3872736142875297,2.385997234031519,2.3869404366996263,2.382572727252271,2.3858652508799607,2.3858813131129692,2.38665078961398,2.383771027970969,-297.0,-297.0,2.641304404893162,8.270554849443691,8.16476468560774
2024-05-09,2.387302581391175,2.386095182428288,2.3870271569481116,2.382559901196783,2.3854990566341527,2.3853766416969013,2.386837655451332,2.3838667478364313,-297.0,-297.0,2.6591848116492445,8.280687544830021,8.173688143807244
2024-05-10,2.387219103312213,2.386095689008539,2.386997262562682,2.3821199312671952,2.3855933186303453,2.387166315039486,2.3867172949199484,2.3829236821815734,-297.0,-297.0,2.65590208328128,8.280443086730084,8.525045569900074
2024-05-11,2.387165116138807,2.386191063529571,2.3871450678626815,2.3825516868459102,2.3855868481736615,2.3918056191984705,2.3866809486606706,2.383957137085831,-297.0,-297.0,2.6617238941533645,8.28970510775305,8.181178385219376
2024-05-12,2.387580316570963,2.3863233025941195,2.3872682760752406,2.382666413942695,2.3858936382627327,2.3854091453279023,2.3872926555555343,2.385837038125489,-297.0,-297.0,2.6572648858861045,8.300991280373205,8.191479282538479
2024-05-13,2.387259565676153,2.3862555221389514,2.387198396368081,2.3824969145649977,2.3873273717885297,2.384858341183882,2.386828276628941,2.383912788926592,-297.0,-297.0,2.6617441473130596,8.300605456570086,8.17252352617334
2024-05-14,2.3873102183449,2.3859122179768057,2.387037314411654,2.3826287019055585,2.3855108627968136,2.384885999668198,2.3868100572568265,2.3837909466849916,-297.0,-297.0,2.6442402844242996,8.30054753201377,8.170805275126966
2024-05-15,2.3873472733512524,2.3861502546490767,2.3869805653443645,2.382783600676353,2.387053302264456,2.3847431672053276,2.3868951208738554,2.383441377375276,-297.0,-297.00000000000006,2.646393987604657,8.289835541751724,8.420317448526111
2024-05-16,2.38738242804235,2.386147637984707,2.387107896059488,2.382800890682847,2.385994392888644,2.384800847083932,2.3870863727977647,2.383644468586137,-297.0,-297.0,2.6387922201030922,8.294210771547256,8.158473848613164
2024-05-17,2.3873312987631357,2.3862444103492413,2.3868890436966494,2.3829328032419532,2.3859188124994386,2.386996820670669,2.3871902708150863,2.3848202844853787,-297.0,-297.0,2.642084104930912,8.305005821751015,8.522593552144121
2024-05-18,2.38744960766968,2.3862398074658295,2.3871917529293216,2.382956093214845,2.385947177042311,2.3848731656968254,2.3869324054713736,2.382842009593436,-297.0,-297.0,2.652401912247436,8.290051247570023,8.523886408297267
2024-05-19,2.3874728908118286,2.3862391172981123,2.3872102209806165,2.3829548660327364,2.385839749787717,2.3850893848787957,2.3872203317696066,2.3836812572654487,-297.0,-297.0,2.627272860555145,8.288648695019699,8.52366108224608
2024-05-20,2.3869929744974363,2.3861566519874455,2.387094905512007,2.382535269833379,2.3855502657149086,2.3875031472396886,2.387214353621776,2.383679746523533,-296.99999999999994,-297.0,2.6271723730490324,8.290574314443194,8.52366108224608
2024-05-21,2.3872762462877812,2.3861352161065215,2.3871065855000975,2.3827804255956138,2.385887540747336,2.3854842367354085,2.3871115461334416,2.383514623187194,-296.99999999999994,-297.0,2.6363086963228404,8.28244273214073,8.512515424782448
2024-05-22,2.3873087378858115,2.3861211324227654,2.38710737835494,2.3828380716788,2.3860363226593986,2.385342825490671,2.3871105695019224,2.3834825046773624,-297.0,-297.0,2.634003226701493,8.283686238814463,8.512515424782448
2024-05-23,2.3871652941083967,2.3861222724212925,2.3870158365689185,2.3821311810169323,2.3853558497926697,2.386787603354262,2.387038894954654,2.3834282888796543,-297.0,-297.0,2.628688949973347,8.283716321001409,8.159249939491778
2024-05-24,2.3873160370010744,2.3861210923402103,2.3871068135755724,2.3827746909675342,2.385530953125758,2.3849377720273806,2.387121925551254,2.383468731584755,-297.0,-296.99999999999994,2.6230885710684357,8.283646662155256,8.50955958753839
2024-05-25,2.3872679225142854,2.3861205920886164,2.3871097001435184,2.38279942171521,2.385468080030337,2.3851894099542927,2.3871268612990386,2.3826333549991467,-296.99999999999994,-296.99999999999994,2.6347990977732465,8.276616276245926,8.419972506860766
2024-05-26,2.3870466208588264,2.3861211878073956,2.387116593835279,2.382688346409802,2.387302584014526,2.385214003313864,2.387052693787377,2.3828324134450694,-297.0,-297.0,2.630188491245233,8.269433726664651,8.160602463087383
2024-05-27,2.386886250633456,2.3859227448589944,2.387021193320609,2.3820068191902766,2.3859732675102108,2.3868290811387682,2.386750523468734,2.3834498182649284,-297.0,-297.0,2.635485419078083,8.323184004242174,8.512732750755825
2024-05-28,2.386917232363431,2.3860989095952236,2.3871157560944947,2.384027341853348,2.385744843212693,2.3869203985327223,2.3869718261736166,2.3825912286427897,-297.0,-297.0,2.6400997151686187,8.315089422394728,8.160619539327298
2024-05-29,2.387192938716612,2.3861298178874457,2.387137704547962,2.384672903338032,2.3857510774242003,2.386884638043637,2.387170171213632,2.3833111010431374,-297.0,-297.0,2.643920705942499,8.352128992315416,8.512367750473606
2024-05-30,2.38685065709448,2.3859353934858545,2.386941445993439,2.3844045775341964,2.3857920997581723,2.3846864835881254,2.3869520587618713,2.383085541995903,-297.0,-297.0,2.645054383213114,8.440057142000281,8.313947940088035
2024-05-31,2.3867216604321335,2.3857359506719042,2.3867404268952486,2.3838820382698214,2.385332451886906,2.386343851581528,2.386776626567166,2.385026227302471,-297.0,-297.00000000000006,2.644689421322224,8.41991758868792,8.291688938783391
2024-06-01,2.386511572286423,2.385397751371959,2.386367183333446,2.3836984943892716,2.384704951683488,2.3861971071662875,2.3862440899042743,2.3826226856790935,-297.0,-297.0,2.6490463116687955,8.399573684430504,8.356224114014276
2024-06-02,2.3867517498146844,2.3855530441380184,2.386550159258697,2.3839277781777497,2.3854014267251538,2.386167853490404,2.386593957529679,2.3825508893599587,-297.00000000000006,-297.0,2.6437252053141203,8.398806356656138,8.460776823640327
2024-06-03,2.3869008859140672,2.385668817191746,2.38667845310215,2.384413760603513,2.385495896024994,2.3844228797889158,2.386699986469254,2.3817067769679166,-296.99999999999994,-297.0,2.638777666034854,8.40924901029846,8.462781260003707
2024-06-04,2.386912944779573,2.385673380507802,2.3866946063769814,2.384347691310281,2.385641623325545,2.3867010835552698,2.3867376456466087,2.382732539324684,-296.99999999999994,-297.0,2.6385126183024687,8.409207697629242,8.291145321768843
2024-06-05,2.3866551766265838,2.3855693816554937,2.386585367286664,2.3838885542583395,2.38527909654346,2.3863099709554567,2.3866513464385535,2.3826191841943953,-297.00000000000006,-296.99999999999994,2.642468209747321,8.398123124170823,8.459314209841303
2024-06-06,2.386662332338321,2.3855384420036887,2.38660808472336,2.383956968618825,2.3854698604011366,2.384467366187892,2.3866300880428586,2.3817045017290646,-296.99999999999994,-297.0,2.663798779588883,8.401117899570947,8.459572448467721
2024-06-07,2.3868149291077843,2.385548510687734,2.3866159585060025,2.3843158950323122,2.3853232444800767,2.386298079738869,2.386477440422576,2.3823842605045527,-296.99999999999994,-296.99999999999994,2.6691073325224277,8.401928902804453,8.198346768954936
2024-06-08,2.386860457947409,2.385556153071336,2.3866305944323347,2.3840797125687754,2.385487564020033,2.3863577644574514,2.386390885009598,2.382691258306343,-297.0,-297.0,2.6693092803787097,8.402846870286437,8.198346768954936
2024-06-09,2.3867374323608646,2.38555778149051,2.3866403176212656,2.3839543411945368,2.385653966432399,2.3844323949410553,2.3865726601344512,2.3826864773786895,-297.0,-297.00000000000006,2.6712617638223892,8.403462610647882,8.198346768954936
2024-06-10,2.3868342198275645,2.3856590413360332,2.3866978345867653,2.3834833253120538,2.38572361861271,2.386625179269924,2.3867692305971446,2.3857781306384105,-297.0,-297.0,2.687811167263669,8.413765381660449,8.295434266638157
2024-06-11,2.3868177524686254,2.385656923172867,2.3867258445926,2.3837162332019624,2.3857289241332755,2.384532536828475,2.386766768822374,2.3865433015894695,-297.0,-297.0,2.6766359580113153,8.413297372591988,8.295434266638157
2024-06-12,2.3865749996309855,2.385405200221928,2.38636886584774,2.3857452641411263,2.3857807110100664,2.3867328875629163,2.38676650749276,2.392941837503462,-297.0,-297.0,2.6918998058649812,8.412823862243778,8.487889484963329
2024-06-13,2.3867242963032798,2.385663170346497,2.3867142663300926,2.385523141327892,2.3855512063727793,2.386543560055431,2.3867738352201933,2.386573443444124,-297.0,-297.0,2.694651623532522,8.412933373906405,8.49245969122221
2024-06-14,2.3866797770007904,2.3854766070148656,2.386676143689666,2.3858044070181803,2.3857141877408883,2.3865938075248674,2.386434572174604,2.3859054879158146,-296.99999999999994,-297.0,2.6779583863571474,8.402749808331741,8.30677598069425
2024-06-15,2.3866374713149368,2.385607243462859,2.3866053796685627,2.3857932927777017,2.3856463917820796,2.3867991846511383,2.385798463539914,2.3911336954558258,-296.99999999999994,-297.00000000000006,2.68035584442867,8.391951982466807,8.30677598069425
2024-06-16,2.3870083599852645,2.385819480032337,2.38690548481248,2.3858102370982315,2.3859303621476577,2.384882554273996,2.386408840146636,2.3905404294552515,-296.99999999999994,-296.99999999999994,2.667502834597109,8.403924360710255,8.317525495785048
2024-06-17,2.387133782832668,2.3858372463865485,2.386950054261555,2.3861923100067144,2.3858667860096894,2.384859397252126,2.386577437476831,2.383093454988356,-297.0,-297.0,2.681007851697802,8.373398532723012,8.318437332771108
2024-06-18,2.387147767931584,2.38584079244985,2.386954100856821,2.3864885862161067,2.3859250375077523,2.384872420434852,2.3865794172510633,2.3945310619537468,-297.00000000000006,-297.0,2.679139314416593,8.371455826728,8.502805351639678
2024-06-19,2.386864239238028,2.385778501028398,2.386831270918556,2.3859402219061754,2.3858129397555827,2.3872621053822973,2.3866781576064007,2.4063865720302178,-297.0,-296.99999999999994,2.684133446444966,8.381735305036088,8.166890056087972
2024-06-20,2.3870954518081637,2.3859616554612533,2.387066369132422,2.3839983558737012,2.385823955082963,2.386853451581708,2.3867176831583814,2.352150241087076,-297.0,-297.0,2.6841150992881704,8.382248087572899,8.168520774100342
2024-06-21,2.3869840501343953,2.385859418033496,2.386928361467116,2.384882532550038,2.3858447892175603,2.3868789655452356,2.3864029243224287,2.395532114707443,-297.0,-297.0,2.6863964193594017,8.372335587342231,8.511678130993317
2024-06-22,2.3867435400083887,2.3858651275866465,2.386703587574122,2.386844832744384,2.385606740177499,2.387856145182974,2.38640607061523,2.4070251902306037,-296.99999999999994,-296.99999999999994,2.6937910240613925,8.36965893613154,8.16130133661923
2024-06-23,2.38724608080892,2.3859685087054228,2.387073027924094,2.385235633983009,2.3860728924094556,2.3869443412876423,2.386874117235586,2.3796707318614088,-297.0,-297.00000000000006,2.698776497915064,8.37957397247437,8.522976241632964
2024-06-24,2.3871754279712643,2.385885051372609,2.3870168750268723,2.386216901484489,2.385976325064966,2.38692064728893,2.3869928140806898,2.3772347213218494,-296.99999999999994,-297.0,2.697459556356515,8.369788688541147,8.507640830921844
2024-06-25,2.386999021768235,2.3858183684177243,2.387107912910462,2.3877666544570046,2.385505819027992,2.3876151454467798,2.3867495921497124,2.3771013898025233,-296.99999999999994,-297.0,2.7041272596972536,8.358700343139711,8.518502608776377
2024-06-26,2.3869055367141336,2.3861145086366786,2.3872514040668897,2.3879932928121224,2.3859182040550078,2.3875045467600646,2.387193507334668,2.3760828671244467,-296.99999999999994,-297.0,2.6990431342615184,8.368590910698426,8.171952763611353
2024-06-27,2.386645732783325,2.3860955536293122,2.387260849245315,2.388036127984271,2.38583734207833,2.387472108663819,2.3868685269044567,2.3774566481385095,-297.0,-297.0,2.7029845374112336,8.368593340230886,8.523299412266322
2024-06-28,2.3868500605140093,2.386115346476069,2.387279329404291,2.3882029745471933,2.386112158195302,2.3875991309933955,2.3869137263092775,2.37662414651175,-296.99999999999994,-297.0,2.702327035894642,8.378525207091654,8.1793276406875
2024-06-29,2.386910722985128,2.3862242523391823,2.3874262642261255,2.3880481200011885,2.386107593549282,2.387404935094303,2.3871249250858892,2.3770660525887584,-296.99999999999994,-297.0,2.69854062346202,8.377467658971447,8.529840526749597
2024-06-30,2.387140615450391,2.3862246656988146,2.3873589540183726,2.3862746045661467,2.386033842375706,2.3877151893232678,2.3870053890716476,2.377000464140436,-296.99999999999994,-297.0,2.6978951823901824,8.37022040330943,8.172296218337975
2024-07-01,2.3869811680045703,2.38620435620968,2.387428418193756,2.3882456088741844,2.3863304254258795,2.387587740387919,2.387259179400358,2.3767933510419876,-297.0,-296.99999999999994,2.6898319060960287,8.370316541389037,8.525348377766164
2024-07-02,2.3872903372441505,2.386314525650197,2.387540963865837,2.3862639342035674,2.386452877103567,2.3875108098159212,2.3874030647443436,2.3773855416288017,-297.0,-296.99999999999994,2.708328841105359,8.35879673936138,8.536000676980066
2024-07-03,2.387295351653152,2.3863027678987283,2.3875784761527066,2.3868442087175477,2.386472749034102,2.388106613173467,2.3873546319048624,2.387087697673206,-297.0,-297.0,2.7448170038767503,8.358711991981478,8.54055648854015
2024-07-04,2.387689687796205,2.3862991566019773,2.3875872309049826,2.386629356644196,2.3860782685411803,2.3853566173168654,2.3870411958161863,2.3841119802613946,-297.0,-296.99999999999994,2.753705879527965,8.358627007227522,8.187039633741897
2024-07-05,2.387683962123311,2.386284511939255,2.387620637681433,2.3871972441348532,2.3864443937849167,2.385451212770398,2.387172748906003,2.3775581842065074,-297.0,-297.0,2.726535152016358,8.358543987072354,8.187039633741897
2024-07-06,2.387625181519494,2.3862870962265443,2.3872993040935455,2.388731710230929,2.385995214461928,2.387786449808235,2.387265258499566,2.383215245186028,-297.0,-297.00000000000006,2.76078713411904,8.358176808601673,8.182622532670369
2024-07-07,2.387579014353496,2.386286402051556,2.3875488530426616,2.386336783062433,2.385729725704807,2.3874245880144276,2.3873822712061763,2.3764341936081057,-297.0,-297.0,2.745244823535693,8.357536493278014,8.549398788461668
2024-07-08,2.387511123189198,2.386285245683129,2.387521157145124,2.386632557753842,2.386102199600957,2.3876236671841116,2.387038771740471,2.379535523018963,-297.0,-297.0,2.7400204832705977,8.358101830256816,8.193413320680769
2024-07-09,2.3877409267584606,2.386358486877213,2.3877634091390028,2.386604251598955,2.386423753574508,2.387775708853468,2.3872995817364235,2.375549161603002,-297.0,-296.99999999999994,2.7369620451384256,8.359211166959701,8.303166081668865
2024-07-10,2.387995552865508,2.3869478505593675,2.387974280172177,2.3872475539658704,2.3866873876612367,2.385668302837631,2.387571107749882,2.3773702047116156,-297.0,-297.0,2.727319777460633,8.369179655659604,8.585593896949442
2024-07-11,2.387992609229276,2.387434453718039,2.388020841159558,2.387065157098743,2.3868562899400874,2.387843704817249,2.3876454315726594,2.377356756262053,-297.0,-297.0,2.7029941651018623,8.369179655659604,8.585856291549318
2024-07-12,2.387903159966249,2.3872479852430124,2.387844146774081,2.3889698879707435,2.3869702098262047,2.3888758273776594,2.3872016553266953,2.377348002728603,-297.0,-296.99999999999994,2.6528203595670323,8.369179655659604,8.318207533093618
2024-07-13,2.387980760771672,2.3872759882838457,2.3878934120148774,2.3886340039490883,2.3863841966455066,2.3880626560723424,2.3875004569922322,2.3758133208299,-297.0,-297.0,2.653271852883193,8.368645396489958,8.317941750141186
2024-07-14,2.3880249847574624,2.3874682165012016,2.388047250069258,2.3873819361687154,2.3869675554287513,2.3858450889060707,2.38779592872124,2.3772399722246664,-297.0,-297.0,2.6405305433727824,8.367761265505596,8.316665045208795
2024-07-15,2.388010690400215,2.387321107044284,2.3880385530468473,2.387071513005264,2.386670849441298,2.3879616602911344,2.387628560756169,2.376166165498581,-297.0,-297.0,2.60587083965564,8.367241903424455,8.319852504773541
2024-07-16,2.387943190077369,2.3873316781687413,2.3876936432283093,2.3864136718873055,2.3862218336038707,2.388307563182206,2.3874016530927302,2.3858846116322723,-296.99999999999994,-297.0,2.567579864514124,8.297502502594194,8.587502422397515
2024-07-17,2.3877786431712504,2.387370063188645,2.387945221333773,2.3869572308582327,2.3865064936109044,2.387868695225511,2.3873567638248083,2.4024022827551295,-296.99999999999994,-297.0,2.611128233371225,8.287054813014525,8.587479813457493
2024-07-18,2.3880041438322834,2.3874408901950313,2.387972282508286,2.3873421903316503,2.386903467142914,2.387857251872324,2.3876323263509227,2.3809778206077685,-297.0,-297.00000000000006,2.6057971644062348,8.274081975348464,8.316854257455773
2024-07-19,2.387998425806544,2.387445736299598,2.3880459894474133,2.3873425562108648,2.3869527341268317,2.3879895285231587,2.3878097052804272,2.3760798037597355,-297.0,-296.99999999999994,2.58925161131527,8.258489836047227,8.581507989170357
2024-07-20,2.387994809894591,2.3874480574635975,2.3880458691244115,2.387360903940778,2.3866598229916067,2.3878229563528306,2.3878533466533387,2.3742580565354356,-297.0,-296.99999999999994,2.5873758678907994,8.258489836047227,8.578324368017883
2024-07-21,2.3882087709460564,2.387678341230919,2.3882524645823504,2.3875724052062295,2.3869420843272966,2.387767660213858,2.38782263848377,2.374451786395369,-297.0,-297.0,2.580625469760284,8.277252584558562,8.332004207207095
2024-07-22,2.388314699229934,2.387699795296982,2.3883423087564144,2.3874426927772783,2.387354226724713,2.3884016916235593,2.38789758916776,2.3745518028763652,-297.0,-296.99999999999994,2.5880782439420624,8.28584414951432,8.342283891633896
2024-07-23,2.3884202514700585,2.3877669812356546,2.3884636374490396,2.3877871054878157,2.387737420331128,2.3882407640064405,2.3880734924308764,2.3842124981844615,-297.0,-296.99999999999994,2.5728040072741196,8.546477767913993,8.626718641840702
2024-07-24,2.388448061734603,2.3880058912499513,2.388569684929047,2.3878887010620082,2.387843830478795,2.3883185775264537,2.3882750929489656,2.374351085505506,-297.0,-297.00000000000006,2.586991311588893,8.300600694582798,8.36803040521238
2024-07-25,2.388416985318628,2.387923243363831,2.388463327238493,2.387781925665714,2.3877265689319547,2.388083056692588,2.3882687837908194,2.376003790132331,-297.0,-297.0,2.5835560412290994,8.29068079808149,8.358768470072585
2024-07-26,2.3883126731488984,2.38783386907935,2.3882790034363306,2.387585200886123,2.3876163647082906,2.388626037520109,2.387823723744809,2.3769436620002735,-297.0,-297.0,2.5880665534338574,8.280794297504551,8.618884051281603
2024-07-27,2.3882104229459222,2.387734229897103,2.3882551486949817,2.3875770009228723,2.3875164582809534,2.388115089865115,2.3880562678572086,2.3765027015319453,-297.0,-297.0,2.5844722310581463,8.26915291494275,8.33905541845321
2024-07-28,2.3883234528563833,2.387170489146314,2.387912603627149,2.3875910865684165,2.387643462613943,2.388548281429994,2.3881518691885226,2.372827378190641,-297.0,-297.0,2.585466454036816,8.27951196654145,8.618721879720386
2024-07-29,2.3880802364659433,2.3877141333917624,2.388239845345346,2.387526932233473,2.387555432455526,2.388411670826179,2.3876312973448552,2.3826047304950313,-297.0,-297.0,2.5660205308855497,8.268259644447193,8.607134638445988
2024-07-30,2.388620451024956,2.3881125419828266,2.3886511646156867,2.387904588259331,2.387596637813473,2.388715289436537,2.3884625473293304,2.379425003392268,-297.0,-297.0,2.5687550165640505,8.305846459810144,8.290857815411812
2024-07-31,2.38916875071418,2.388978652977212,2.3895167971262703,2.38854836083972,2.3888073074768115,2.3893059167716224,2.3893109538261568,2.3781474090042067,-297.0,-297.00000000000006,2.5912603849338076,8.385187953355723,8.381350294309009
2024-08-01,2.388702115549736,2.388744593111495,2.3891622665084196,2.3897979932027065,2.3885523507491717,2.3900416552246195,2.388880469033629,2.373722539958685,-297.0,-297.0,2.619301828257996,8.37453166951733,8.362617152337862
2024-08-02,2.3888697913291908,2.388530065341292,2.389083663969295,2.3878748172549065,2.388030014790961,2.389012440120155,2.3888753100729234,2.378242509311063,-297.0,-297.0,2.62214821506408,8.354254175110523,8.343880105681924
2024-08-03,2.3881243816366307,2.388068980189275,2.3899971813504877,2.389687442060361,2.3880342734928455,2.389251369580481,2.387887413218809,2.376513119860812,-297.0,-297.0,2.6509339667099305,8.334147910054245,8.325369884394773
2024-08-04,2.3882207978199994,2.388178422458554,2.3880894748038863,2.390187079347222,2.388227359861496,2.3907457288564586,2.3899827266597256,2.3783186667311886,-297.0,-297.0,2.6819259653206027,8.343494204826749,8.344824747159402
2024-08-05,2.388857719244246,2.38841540781949,2.38872418747234,2.3879169767923036,2.3881623257170284,2.389017290120771,2.3885125069707667,2.3746817240136755,-297.0,-297.0,2.6672408721263325,8.343188441868831,8.341707232366112
2024-08-06,2.3889166394662578,2.3884039333374116,2.3888320662417066,2.387963318351506,2.388104379860692,2.3892245029425956,2.388462286450808,2.374270734407156,-297.00000000000006,-297.00000000000006,2.5815897032982953,8.34283886044429,8.341912208986198
2024-08-07,2.388929156716379,2.388400530247102,2.388875916011737,2.387946944539048,2.3882047677161578,2.389474780789132,2.388621660772162,2.374519471542289,-297.0,-297.0,2.565500465380016,8.343476570058536,8.337534470294685
